"name","address","www","email","phone","rector","sun","week","url"
"Parafia Przemienienia Pańskiego","Biała  66b, 59-225 Chojnów","antoni.biedrzychowice.com","bogatynia1@legnica.opoka.org.pl","76/8186964","ASZURKIEWICZ Tomasz","7:30, 10:30","18:00","http://www.diecezja.legnica.pl/teksty/parafie.php?n=100305"
"Parafia św. Antoniego","Biedrzychowice  90, 59-830 Olszyna","","","75/7221590","NOWAK Jan","9:00, 11:00","17:00 (porządek zimowy: 16:00)","http://www.diecezja.legnica.pl/teksty/parafie.php?n=100313"
"Parafia Zwiastowania Pańskiego","Bieniowice  48a, 59-216 Kunice Legnickie","antoni.biedrzychowice.com","","76/8575871","MICHALSKI Zdzisław","8.30","18:00 (porządek zimowy: 17:00)","http://www.diecezja.legnica.pl/teksty/parafie.php?n=100575"
"Parafia Niepokalanego Poczęcia NMP","59-920 Bogatynia, ul. Kurzańska 3","","","75/7732121","ŻAK Jan","9:00, 12:00, 20:00 (porządek zimowy: 9:00, 10:30, 12:00, 18:00)","18:00 (sobota) 9:00 w kaplicy szpitalnej: (sobota) 16:00","http://www.diecezja.legnica.pl/teksty/parafie.php?n=100277"
"Parafia św. Maksymiliana M. Kolbe","59-920 Bogatynia, ul. Leona Wyczółkowskiego  35","www.bogatynia-niepok.legnica.opoka.org.pl","bogatynia1@legnica.opoka.org.pl","75/6409270","SERAFIN Robert","7:30, 10:30, 12:00, 17:00, w kaplicy, 9:00","7:00 i 17.00, w kaplicy piątek 9:00","http://www.diecezja.legnica.pl/teksty/parafie.php?n=100278"
"Parafia św. Marii Magdaleny","59-916 Bogatynia, ul. Okólna  3","www.kolbe-bogatynia.pl/","parafia@kolbe-bogatynia.pl","75/7784219","LESZCZYŃSKI Aleksander","8:00, 9:30, 11:00, 17:00","18:00 (porządek zimowy: 17:00)","http://www.diecezja.legnica.pl/teksty/parafie.php?n=100279"
"Parafia Świętych Apostołów Piotra i Pawła","59-920 Bogatynia, ul. M. Skłodowskiej-Curie 42","","alenale@wp.pl","75/7732830","TRZÓSŁO Ryszard","7:00, 9:00, 11:00, 13:00, 18:00","17:30, 18:00 (w lipcu, sierpniu, 18:00)","http://www.diecezja.legnica.pl/teksty/parafie.php?n=100280"
"Parafia Chrystusa Króla","59-700 Bolesławiec, ul. Jana Pawła II 20a","","","75/7326045","GOŁĘBIOWSKI Józef","7:00, 9:00, 10:30, 12:00, 19:00","7:00, 18:00","http://www.diecezja.legnica.pl/teksty/parafie.php?n=100265"
"Parafia Świętych Cyryla i Metodego","59-700 Bolesławiec, ul. Krótka 1","","","75/7324214","MROSZCZAK Wojciech","7:00, 9:00, 10:30, 12:00, 13:15, 18:00","7:00, 18:00","http://www.diecezja.legnica.pl/teksty/parafie.php?n=100266"
"Parafia Wniebowzięcia NMP i św. Mikołaja","59-700 Bolesławiec, ul. Kościelna 3","","","75/7322863","JAROSIEWICZ Andrzej","7:00, 8:30, 9:45, 11:00, 12:30, 13:30, 18:00","6:30, 7:00, 18:00","http://www.diecezja.legnica.pl/teksty/parafie.php?n=100267"
"Parafia Matki Bożej Nieustającej Pomocy","59-700 Bolesławiec, pl. Zamkowy 1b","sanktuarium.boleslawiec.pl","","75/7351110","KUSIK Stanisław","7:00, 8:30, 10:00, 11:30, 13:00, 18:00,","6:30, 7:00, 18:00","http://www.diecezja.legnica.pl/teksty/parafie.php?n=100285"
"Parafia Matki Bożej Różańcowej","59-704 Bolesławiec, ul. Ptasia 5","www.mojaparafia.info","parafia.mbnp@wp.pl","75/7347563","ADAMCZEWSKI Jerzy","8:00, 10:00, 11:30, 18:00 (czerwiec i lipiec 19:00)","18:00","http://www.diecezja.legnica.pl/teksty/parafie.php?n=100286"
"Parafia Najświętszego Ciała i Krwi Chrystusa","59-700 Bolesławiec, ul. E. Orzeszkowej 3","www.mbr.boleslawiec.pl","","75/6444133","GIDZIŃSKI Andrzej","7:30, 9:00, 10:30, 12:00, 18:00","7:00, 18:00","http://www.diecezja.legnica.pl/teksty/parafie.php?n=100287"
"Parafia Najświętszego Serca Pana Jezusa","59-700 Bolesławiec, ul. Jarzębinowa 49","bozecialo.wboleslawcu.pl/","","kom. 603124751","HUPA Józef","9:00, 10:30, 12:00, 18:00 (czerwiec, lipiec, sierpień 19:00)","18:00","http://www.diecezja.legnica.pl/teksty/parafie.php?n=100288"
"Parafia Matki Bożej Częstochowskiej","Bożejowice  24a, 59-700 Bolesławiec","www.nspj.info","proboszcz@nspj.info","kom. 515184544","SOWA Grzegorz","8:00, 11:00","18:00 (porządek zimowy: 16:00)","http://www.diecezja.legnica.pl/teksty/parafie.php?n=100289"
"Parafia Objawienia Pańskiego","Brennik  38, 59-511 Gierałtowiec","www.bozejowice.parafialnastrona.pl","parafiajg@wp.pl","76/8781584","TYMKÓW Tadeusz","12:00","18:00, (porządek zimowy: 17:00)","http://www.diecezja.legnica.pl/teksty/parafie.php?n=100593"
"Parafia Podwyższenia Krzyża Świętego","Brunów  56, 59-140 Chocianów ","","","76/8174492","KLIM Krzysztof","8:00, 10:00","18:00 (porządek zimowy: 16:00)","http://www.diecezja.legnica.pl/teksty/parafie.php?n=100294"
"Parafia Matki Bożej Nieustającej Pomocy","Brzeźnik  46, 59-701 Bolesławiec","","","75/7301612","WNUK Zenon","18:00, 11:30","18:00 (porządek zimowy: 16:00)","http://www.diecezja.legnica.pl/teksty/parafie.php?n=100503"
"Parafia św. Jana Chrzciciela","Bukowiec, pl. Kościelny 5, 58-533 Mysłakowice","","parbrze@wp.pl","75/7183177","JURCZYK Krystian","9:00, 11:30 (Wielki Post, maj, październik, 15:00)","18:00 (porządek zimowy: 17:00)","http://www.diecezja.legnica.pl/teksty/parafie.php?n=100481"
"Parafia Świętej Rodziny","58-407 Chełmsko Śl., ul. Powstańców Śl. 2","","","75/7422180","KOWALSKI Stanisław","8:00, 12:00, 16:00","18:00 (porządek zimowy: 17:00)","http://www.diecezja.legnica.pl/teksty/parafie.php?n=100393"
"Parafia św. Mikołaja","Chmieleń  74, 59-623 Lubomierz","","","75/7833192","BAJAK Szymon","10:30","(czwartek) 17:00 (porządek zimowy: 16:00)","http://www.diecezja.legnica.pl/teksty/parafie.php?n=100472"
"Parafia św. Piotra i Pawła","Chobienia, ul. Krzywa 8, 59-305 Rudna","","parafia.chmielen@interia.pl","76/8439515","KOWALSKI Leszek","8:30, 11:00, 12:00","16:00","http://www.diecezja.legnica.pl/teksty/parafie.php?n=100382"
"Parafia Narodzenia NMP","Chocianowiec, ul. Al. bł. Jana Pawła II 113, 59-140 Chocianów ","","","76/8175062","DANIEL Jan","9:00, 11:00","18:00","http://www.diecezja.legnica.pl/teksty/parafie.php?n=100295"
"Parafia Wniebowzięcia NMP","59-140 Chocianów, ul. Głogowska 2","","","76/8185038","SZYMEROWSKI Zbigniew","7:00, 8:30, 10:00, 11:30, 13:00, 18:00","6:30, 18:00","http://www.diecezja.legnica.pl/teksty/parafie.php?n=100296"
"Parafia Niepokalanego Poczęcia NMP","59-225 Chojnów, ul. Dąbrowskiego 19","","","76/8187096","MAKOWSKI Mirosław","6:30, 13:00","18:00 (sobota 9:00)","http://www.diecezja.legnica.pl/teksty/parafie.php?n=100306"
"Parafia Świętych Apostołów Piotra i Pawła","59-225 Chojnów, ul. ks. Ściegiennego  4","parafia-chojnow.pl/","","76/8187092","OSMULSKI Marek","8:00, 9:15, 11:00, 12:00, 16:00, 18:00","6:30, 7:00, 7:30, 18:00","http://www.diecezja.legnica.pl/teksty/parafie.php?n=100307"
"Parafia Matki Bożej Bolesnej","Chróstnik  86a, 59-311 Krzeczyn Wielki","","","76/8448086","RAPACZ Kazimierz","8:00, 12:00","18:00 (porządek zimowy: 17:00)","http://www.diecezja.legnica.pl/teksty/parafie.php?n=100565"
"Parafia św. Augustyna","Ciechanowice  29, 58-410 Marciszów","www.parafiachrostnik.pl","","75/7410279","SOLECKI Ludwik","8:30, 12:00","17:00 (porządek zimowy: 16:30)","http://www.diecezja.legnica.pl/teksty/parafie.php?n=100386"
"Parafia Najświętszego Serca Pana Jezusa","58-379 Czarny Bór, ul. 30-lecia PRL 4","","","74/8450130","OSKWAREK Paweł","7:30, 12:00","18:00 (porządek zimowy: 17:00)","http://www.diecezja.legnica.pl/teksty/parafie.php?n=100387"
"Parafia św. Michała Archanioła","Czernica  114, 58-521 Jeżów Sudecki","podborem.o12.pl/news.php","","75/7132216","PĘDZIWIATR Zbigniew","9:00, 12:00","18:00, (sobota 8:00) (porządek zimowy: 17:00)","http://www.diecezja.legnica.pl/teksty/parafie.php?n=100366"
"Parafia Wniebowzięcia Najświętszej Maryi Panny","Czerwona Woda, ul. Kościuszki 2a, 59-940 Węgliniec","parafiaczernica.jgora.net","parafiaczernica@onet.pl","75/7780311","PANOŃKO Mieczysław","8:00, 11:30 (porządek zimowy: 9:00, 11:30)","19:00 (porządek zimowy: 17:00)","http://www.diecezja.legnica.pl/teksty/parafie.php?n=100576"
"Parafia Chrystusa Króla","Dłużyce  16, 59-330 Ścinawa","www.parafiaczerwonawoda.pl","parafiaczerwonawoda@o2.pl","76/8435852","JANICKI Andrzej","11:00","18:00 (porządek zimowy: 17:00)","http://www.diecezja.legnica.pl/teksty/parafie.php?n=100376"
"Parafia Chrystusa Króla","Dłużyna Dolna  67, 59-930 Pieńsk","","","75/7718477","PŁAZA Andrzej","9:00, 11:00","7:00, 17:00 (porządek zimowy: 18:00)","http://www.diecezja.legnica.pl/teksty/parafie.php?n=100577"
"Parafia św. Bartłomieja","Działoszyn  30, 59-916 Bogatynia 3","","","kom. 781668270","KULPA Ryszard","9:30, 11:00","7:00","http://www.diecezja.legnica.pl/teksty/parafie.php?n=100281"
"Parafia św. Wawrzyńca","Dziwiszów  37, 58-508 Jelenia Góra 14","","dz.bart@interia.pl","75/6105506","SŁOTWIŃSKI Krzysztof","9:30, 12:15","(sobota 19:00) (porządek zimowy: 17:00)","http://www.diecezja.legnica.pl/teksty/parafie.php?n=101205"
"Parafia św. Michała Archanioła","Giebułtów  138, 59-630 Mirsk","parafia-dziwiszów.eu","parafia.dziwiszow2007@gmail.com","75/7834664","MACHA Werner","8:00, 11:00","7:00, 18:00 (porządek zimowy: 8:00, 16:00)","http://www.diecezja.legnica.pl/teksty/parafie.php?n=100314"
"Parafia św. Antoniego","Gierałtów  48, 59-730 Nowogrodziec","www.par-michal.legnica.opoka.org.pl/","parafia.giebultow@wp.pl","75/7368290","MODRZYŃSKI Franciszek","9:30, 11:00","7:30, 17:00","http://www.diecezja.legnica.pl/teksty/parafie.php?n=100509"
"Parafia Świętej Rodziny","Gostków, ul. Główna 58, 58-312 Stare Bogaczowice","","","74/8452291","WILCZYŃSKI Andrzej","9:00, 10:30, 12:30","18:00","http://www.diecezja.legnica.pl/teksty/parafie.php?n=100388"
"Parafia Matki Bożej Częstochowskiej","Gościszów  150, 59-730 Nowogrodziec","","","75/7367722","JERIE Ryszard","8:00, 11:00 (porzadek zimowy: 8:00, 12:00)","18:00 (porządek zimowy: 17:00)","http://www.diecezja.legnica.pl/teksty/parafie.php?n=100504"
"Parafia św. Antoniego","Grabiszyce  5, 59-820 Leśna","","","75/7211231","KUNDZICZ Mirosław","9:00, 12:00","17:00 (porządek zimowy: 16.30)","http://www.diecezja.legnica.pl/teksty/parafie.php?n=100424"
"Parafia Matki Bożej Częstochowskiej","59-706 Gromadka, ul. Słowackiego 1","","mkundzicz@wp.pl","75/7382336","ADAMOWICZ Józef","7:30, 11:30","17:30","http://www.diecezja.legnica.pl/teksty/parafie.php?n=100276"
"Parafia Imienia Najświętszej Maryi Panny","Grudza  50, 59-630 Mirsk","","","75/7839139","KOCJAN Robert","9:00, 10:30, 12:00","17:00","http://www.diecezja.legnica.pl/teksty/parafie.php?n=100315"
"Parafia św. Jadwigi Śląskiej","59-620 Gryfów Śląski, pl. Kościelny 9","","","75/7813253","KURZEJA Krzysztof","7:00, 9:00, 10:30, 12:00, 13:15 (w ostatnią niedzielę miesiąca 18:00)","7:00, 18:00","http://www.diecezja.legnica.pl/teksty/parafie.php?n=100316"
"Parafia Matki Bożej Szkaplerznej","Grzymalin  ,   -    ","","parafiajg@wp.pl","","","8:30, 11:00","7:00","http://www.diecezja.legnica.pl/teksty/parafie.php?n=100308"
"Parafia św. Urszuli","Gwizdanów  33, 59-305 Rudna","","","76/8434144","KORAB Kazimierz","8:00, 12:30","18:00 (porządek zimowy: 17:00)","http://www.diecezja.legnica.pl/teksty/parafie.php?n=100519"
"Parafia św. Mikołaja","Henryków Lubański  392, 59-800 Lubań","","","75/7217555","WOJCIESZEK Piotr","9.00, 12.00","18.00 (porządek zimowy: 17:00)","http://www.diecezja.legnica.pl/teksty/parafie.php?n=100431"
"Parafia Chrystusa Króla","58-520 Janowice Wielkie, ul. Partyzantów 5","","henrykow-lubanski@diecezja.legnica.pl","75/7515268","SUSKA Piotr","","","http://www.diecezja.legnica.pl/teksty/parafie.php?n=100358"
"Parafia Matki Bożej Różańcowej","59-400 Jawor, ul. Jana Pawła II 4","","","76/8706974","HAWRYLEWICZ Waldemar","8:00, 10:00, 12:00, 19:00","19:00 (porządek zimowy: 17:00)","http://www.diecezja.legnica.pl/teksty/parafie.php?n=100323"
"Parafia Miłosierdzia Bożego","59-400 Jawor, ul. Starojaworska 10 b","","","76/8704804","CZERNIK Tomasz","7:00, 8:15, 9:30, 11:00, 12:15, 14:00, 18:00, 20:30 (porządek zimowy: 7:00, 8:15, 9:30, 11:00, 12:15, 14:00, 18:00)","7:00, 18:00","http://www.diecezja.legnica.pl/teksty/parafie.php?n=100324"
"Parafia św. Marcina","59-400 Jawor, ul. św. Marcina 1","","","76/8703170","DRAPIEWSKI Dominik","7:00, 8:30, 9:45, 11:00, 12:15, 18:00","6:30, 7:00, 18:00","http://www.diecezja.legnica.pl/teksty/parafie.php?n=100351"
"Parafia św. Brata Alberta","59-400 Jawor, ul. Starojaworska 73","parafiamarcin.pl","","kom. 601536198","PAWLAK Grzegorz","9:00, 10:30","","http://www.diecezja.legnica.pl/teksty/parafie.php?n=101128"
"Parafia Podwyższenia Krzyża Świętego (Świętego Krzyża)","58-500 Jelenia Góra, ul. 1 Maja 45","","","kom. 730814757","BOKIEJ Andrzej","7:00, 8:30, 10:00, 11:30, 13:00, 18:00, 20:00 (porządek zimowy: 7:00, 8:30, 10:,00, 11:30, 13:00, 16:00, 18:00, 20:00)","7:00, 7:30, 18:00","http://www.diecezja.legnica.pl/teksty/parafie.php?n=100359"
"Parafia św. Jana Apostoła i Ewangelisty","58-506 Jelenia Góra, Pl. św. Jana Ewangelisty 1","www.kosciolgarnizonowy.pl/","krzyz_jg@legnica.opoka.org.pl","75/7542412","KOWALCZYK Krzysztof","8:00, 9:30,11:00, 12:30, 18:00","7:00, 18:00,","http://www.diecezja.legnica.pl/teksty/parafie.php?n=100360"
"Parafia św. Judy Tadeusza","58-500 Jelenia Góra, ul. Czarnoleska 2","","","75/6421585","GNIATCZYK Jerzy","9:00, 11:00, 12:30","18:00 (porządek zimowy: 17:00)","http://www.diecezja.legnica.pl/teksty/parafie.php?n=100361"
"Parafia Św. Piotra i Pawła Apostołów","58-506 Jelenia Góra, ul. Wrocławska 58","www.juda.legnica.opoka.org.pl/","","kom. 503772631","KRZYSTEK Grzegorz","8:00, 11:00","18:00 (porządek zimowy: 17:00 )","http://www.diecezja.legnica.pl/teksty/parafie.php?n=100362"
"Parafia św. Wojciecha","58-506 Jelenia Góra, ul. Moniuszki 12","www.piotripawel.pbox.pl","","75/7644878","BAKES Stanisław","7:00, 8:30, 10:00, 11:30, 13:00, 18:00","6:30, 7:00, 18:00,","http://www.diecezja.legnica.pl/teksty/parafie.php?n=100363"
"Parafia Matki Boskiej Królowej Polski  i  św. Franciszka z Asyżu","58-500 Jelenia Góra, ul. Morcinka 8a","wojciech.jgora.pl","wojciech@wojciech.jgora.pl","75/7678996","NIWCZYK Grzegorz","7:30, 8:30, 10:30, 12:00, 17:00","7:30, 17:00","http://www.diecezja.legnica.pl/teksty/parafie.php?n=100369"
"Parafia św. Erazma i Pankracego","58-500 Jelenia Góra, pl. Kościelny 1-2","","","75/7522160","ŻYGADŁO Bogdan","7:30, 9:00, 10:30, 12:00, 13:15, 16:00, 18:00 (w lipcu i sierpniu nie ma Mszy św. o godz. 16:00), w kościele pomocniczym św. Anny ( co drugą niedzielę dla głuchoniemych 14:00)","6:30, 7:00, 7:30, 18:00 (w Adwencie 17:00), w kościele pomocniczym św. Anny (sobota 17:00)","http://www.diecezja.legnica.pl/teksty/parafie.php?n=100371"
"Parafia Matki Bożej Miłosierdzia","58-560 Jelenia Góra, ul. PCK 23","www.parafia.jelenia-gora.pl/","","75/7551777","STEC Józef","7:00, 9:00, 11:00, 12:30, 16:00, 18:00 w Domu Starców 7:45","7:00, 18:00","http://www.diecezja.legnica.pl/teksty/parafie.php?n=100370"
"Parafia św. Jana Chrzciciela","58-560 Jelenia Góra - Cieplice, ul. Cieplicka 9","parafiambm.jgora.pl/","","75/6428810","WOJDA Stefan","7:00, 8:30, 10:00, 11:30, 13:00, 15:00, 19:00","7:00, 8:00, 19:00","http://www.diecezja.legnica.pl/teksty/parafie.php?n=100372"
"Parafia Miłosierdzia Bożego","Jagniątków, ul. Saneczkowa 1, 58-570 Jelenia Góra - Jagniątków","www.cieplice.pijarzy.pl/en/","parafiacieplice@gmail.com","75/7554161","KOWALCZUK Dariusz","8:00, 12:00","(poniedziałek, środa, piątek, sobota) 18:00 (wtorek, czwartek) 7:00 (porządek zimowy: worek, czwartek) 8:00","http://www.diecezja.legnica.pl/teksty/parafie.php?n=100543"
"Parafia św. Marcina","58-570 Jelenia Góra - Sobieszów, ul. Cieplicka 219","www.jagniatkow.xt.pl/","jagniatkow@wp.pl","75/7553410","LASEK Adam","7:00, 9:00, 10:30, 12:00, 18:00 (porządek zimowy: 7:00, 9:00, 10:30, 12:00, 18:00), w kościele pw. św. Marcina 9:00","7:00, 18:00 (porządek zimowy: 7:00, 18:00)","http://www.diecezja.legnica.pl/teksty/parafie.php?n=100544"
"Parafia św. Franciszka z Asyżu","Jerzmanki  42, 59-900 Zgorzelec","parafiasobieszow.pl","","75/7781148","DERECZENIK Janusz","10:00, 11:30","(poniedziałek, wrtorek, środa) 18:00 (porządek zimowy: 17:00)","http://www.diecezja.legnica.pl/teksty/parafie.php?n=100584"
"Parafia św. Michała Archanioła","58-521 Jeżów Sudecki, ul. Boczna 6","","","75/7132253","SZARZYŃSKI Andrzej","8:00, 10:00","18:00 (sobota) 17:00","http://www.diecezja.legnica.pl/teksty/parafie.php?n=100367"
"Parafia Narodzenia NMP","Jędrzychowice  9, 59-900 Zgorzelec","","","75/7782218","ZYGMUNT Tomasz","","","http://www.diecezja.legnica.pl/teksty/parafie.php?n=100585"
"Parafia św. Bartłomieja","Jędrzychów  45, 59-101 Polkowice","","","76/8459838","","9:00 i 11:00","18:00 (porządek zimowy: 17:00)","http://www.diecezja.legnica.pl/teksty/parafie.php?n=100520"
"Parafia św. Apostołów Piotra i Pawła","58-400 Kamienna Góra, ul. K. Miarki 31","www.parafiawjedrzychowie.polkowice.pl","","75/7442115","BIGOS Edward","7:30, 9:00, 10:30, 12:00, 18:00 (porządek: 17:00)","(sobota) 9:00","http://www.diecezja.legnica.pl/teksty/parafie.php?n=100389"
"Parafia Matki Bożej Różańcowej","58-400 Kamienna Góra, pl. Kościelny 2","","","75/8418844","","11:00","(zależnie od pory roku) od 15.30 do 18.00","http://www.diecezja.legnica.pl/teksty/parafie.php?n=100394"
"Parafia Najświętszego Serca Pana Jezusa","58-400 Kamienna Góra, ul. Wałbrzyska 27","www.parafiambrkg.jimdo.com","sacricco@gmail.com","75/7445467","SIEMIŃSKI Aleksander","7:00, 10:15, 11:30, 18:00 (w lipcu i sierpniu nie ma mszy o 10:15)","18:00","http://www.diecezja.legnica.pl/teksty/parafie.php?n=100395"
"Parafia Nawiedzenia  Najświętszej Maryi Panny","58-540 Karpacz, ul. Konstytucji 3 Maja 44","","","75/7619556","STOŃ Zenon","7:30, 9:00, 10:30, 12:00 (w roku szkolnym 13:00, 17:00, 19:00)","7:00, 9:00, 19:00 (porządek zimowy: 7:00, 9:00, 19:00)","http://www.diecezja.legnica.pl/teksty/parafie.php?n=100482"
"Parafia św. Jadwigi Śląskiej","Karpniki, ul. Kościelna 1, 58-533 Mysłakowice","","","75/7137295","KOŚCIK Ireneusz","9:00, 11:00","7:00 (środa, piątek 17:00)","http://www.diecezja.legnica.pl/teksty/parafie.php?n=100483"
"Parafia św. Wojciecha","Kawice  34 A, 59-230 Prochowice","","","76/8584776","MANIA Paweł","8:30, 12:00","7:00","http://www.diecezja.legnica.pl/teksty/parafie.php?n=100569"
"Parafia św. Antoniego Padewskiego","Kopaniec  27a, 58-512 Stara Kamienica","","","75/7693617","GROCKI Andrzej","12:00","(piątek, sobota) 18:00 (porządek zimowy: 17:00)","http://www.diecezja.legnica.pl/teksty/parafie.php?n=100545"
"Parafia św. Piotra i Pawła","Kosiska, Pl. Jana Pawła II 1, 59-430 Wądroże Wielkie","","parafia.sw.antoniego.Kopaniec@neostrada.pl","76/8574543","BISZCZANIK Daniel","12:00","8:30, 18:00 (porządek zimowy: 16:00).","http://www.diecezja.legnica.pl/teksty/parafie.php?n=100570"
"Parafia św. Michała Archanioła","Koskowice  40, 59-241 Legnickie Pole","","","76/8664018","PŁAWIAK Andrzej","11:00","(poniedziałek, wtorek, piątek, sobota) 18:00 (porządek zimowy: 17:00)","http://www.diecezja.legnica.pl/teksty/parafie.php?n=100400"
"Parafia Ścięcia św. Jana Chrzciciela","Kościelnik  37, 59-800 Lubań","parafiakoskowice.eu/","poczta@parafiakoskowice.eu","75/7224245","MISIEWICZ Czesław","8:00, 10:00, 12:00","18:00 (porządek zimowy: 17:00)","http://www.diecezja.legnica.pl/teksty/parafie.php?n=100425"
"Parafia św. Mikołaja i Matki Bożej Śnieżnej","Kotliska  25, 59-600 Lwówek Śląski","","","kom. 206565","TOBERA Remigiusz","8:00, 9:30","17:00 (porządek zimowy: 16:00)","http://www.diecezja.legnica.pl/teksty/parafie.php?n=100508"
"Parafia Imienia  Najświętszej Maryi Panny","58-530 Kowary, pl. Franciszkański 1","parafiakotliska.pl","parafiakotliska@interia.pl","75/7182350","TOMASZEWSKI Ignacy","7:30, 9:00, 10:30, 12:00, 18:00","7:00, 18:00","http://www.diecezja.legnica.pl/teksty/parafie.php?n=100484"
"Parafia Najświętszego  Zbawiciela","Kraśnik Dolny  40, 59-700 Bolesławiec","kowary.franciszkanie.pl","kowary@franciszkanie.pl","75/7369992","BORECKI Roman","10:45","17:00","http://www.diecezja.legnica.pl/teksty/parafie.php?n=100274"
"Parafia Wniebowzięcia NMP","59-223 Krotoszyce, ul. Piastowska 29 A","","","76/8878420","BURDZIAK Andrzej","8:00, 11:30, 13:00, 17:00","(poniedziałek, sobota) 8:00, (pozostałe dni) 18:00","http://www.diecezja.legnica.pl/teksty/parafie.php?n=100408"
"Parafia św. Jana Chrzciciela","Kruszyn, ul. Świętojańska 15, 59-700 Bolesławiec","","","75/7321414","MACIAK Ludwik","8:00, 12:00","18:00 (porządek zimowy: 17:00)","http://www.diecezja.legnica.pl/teksty/parafie.php?n=100268"
"Parafia Wniebowzięcia NMP - Bazylika Mniejsza","58-405 Krzeszów, pl. Jana Pawła II 1","www.kruszyn.com/","proboszcz@kruszyn.com","75/7423592","KOPKO Marian","9:00","(piatek) 16:30 (porządek zimowy: 16:00)","http://www.diecezja.legnica.pl/teksty/parafie.php?n=100390"
"Parafia św. Jana Chrzciciela","Krzewina  70 a, 59-916 Bogatynia 3","www.opactwo.eu","obsluga.pielgrzyma@gmail.com","75/7718990","PODOLSKI Marian","8:00, 10:00","18:00 (porządek zimowy: 17:00)","http://www.diecezja.legnica.pl/teksty/parafie.php?n=100282"
"Parafia Najświętszego Serca Pana Jezusa","59-216 Kunice , ul. Gwarna 6","","","76/8575484","BIAŁEK Andrzej","8:30, 10:00, Spalona: 11:30, 18:00","18:00 (w okresie jesienno-zimowym: 17:00)","http://www.diecezja.legnica.pl/teksty/parafie.php?n=100571"
"Parafia Matki Bożej Królowej Polski","59-220 Legnica, Pl. Kard. Stefana Wyszyńskiego 1","kunice.diecezjalegnica.pl/","par.kunice@wp.pl","76/7244360","WOŁOWSKI Ryszard","7:30, 9:00, 10:30, 12:00, 15:00, 18:00","6:30, 18:00","http://www.diecezja.legnica.pl/teksty/parafie.php?n=100401"
"Parafia Najświętszego Serca Pana Jezusa","59-220 Legnica, ul. Sikorskiego 1","www.mbkp.com.pl/","","76/8550595","GACEK Jan","7:00, 8:30, 10:00, 11:15, 12:30, 15:00, 17:00, 20:00","7:00, 18:00","http://www.diecezja.legnica.pl/teksty/parafie.php?n=100402"
"Parafia Podwyższenia Krzyża Świętego","59-220 Legnica, ul. Gen. Władysława Sikorskiego  12","nspj.legnica.pl","parafia.nspj@op.pl","76/8547284","RACZAK Roman","8:00, 9:15, 10:30, 11:45, 13:00, 18:00, 20:00, (porządek zimowy: 8:00, 9:15, 10:30, 11:45, 13:00, 16:30, 18:00)","7:00, 18:00","http://www.diecezja.legnica.pl/teksty/parafie.php?n=100403"
"Parafia św. Joachima i Anny","59-220 Legnica, ul. Rzeczypospolitej 135","","","76/7244390","ZIEJA Marian","8:00, 10:30, 12:00, 19:00 (porządek zimowy: 8:00, 10:30, 12:00, 17:00)","19:00 (wtorek 8:00) (porządek zimowy: 17:00, wtorek 8:00)","http://www.diecezja.legnica.pl/teksty/parafie.php?n=100404"
"Parafia św. Wojciecha","59-220 Legnica, ul. Radosna 21","","marian@joachim-anna.pl","76/8541053","BOROWSKI Józef","8:00, 10:00, 11:30, 18:00","18:00","http://www.diecezja.legnica.pl/teksty/parafie.php?n=100405"
"Parafia Świętej Trójcy","59-220 Legnica, ul. II Armii WP 33","","","76/8544520","TRACZ Andrzej","7:30, 9:00, 10:30, 12:00, 18:00","7:00, 18:00","http://www.diecezja.legnica.pl/teksty/parafie.php?n=100406"
"Parafia Matki Bożej Częstochowskiej","59-220 Legnica, ul. Tulipanowa 1a","www.trojca.legnica.pl","","76/8506180","DZIEWULSKI Jan","8:00, 11:30, 13:00, 17:00","(poniedziałek, sobota) 8:00, (pozostałe dni) 18:00","http://www.diecezja.legnica.pl/teksty/parafie.php?n=100409"
"Parafia św. Tadeusza Apostoła","59-220 Legnica, ul. Artyleryjska 38","mbc.legnica.pl","kancelaria@mbc.legnica.pl","76/7220520","ARASZCZUK Stanisław","8:00, 9:30, 11:00, 12:15, 18:00","7:00, 18:00","http://www.diecezja.legnica.pl/teksty/parafie.php?n=100410"
"Parafia św. Jadwigi Śląskiej","59-220 Legnica, ul. Grabskiego  15","www.swtadeusz.eu/","legnica.zach@diecezja.legnica.pl","76/7244339","WALENDZIK Wiesław","","18:00","http://www.diecezja.legnica.pl/teksty/parafie.php?n=100413"
"Parafia św. Jacka","59-220 Legnica, ul. Nadbrzeżna  3","www.jadwigalegnica.pl","xww@op.pl","76/8547449","ZIOMBRA Andrzej","8.00, 10.30, 12.00, 18.00 (porządek zimowy: 8:00, 10:30, 12:00, 17:00)","7:00, 18.00, (sobota) 9.00, 18.00, (porządek zimowy: 7:00, 17:00, sobota: 7:00, 9:00, 17:00)","http://www.diecezja.legnica.pl/teksty/parafie.php?n=100414"
"Parafia św. Jana Chrzciciela","Legnica 2, ul. Ojców Zbigniewa i Michała 1, 59-220 Legnica","www.jacek.legnica.opoka.org.pl","","76/7244188","JANUS Jan","6:00, 7:00, 8:30, 10:00, 11:30, 13:00, 16:00 (oprócz lipca i sierpnia) 18:30, 20:00 (w lipcu i sierpniu)","7:00, 8:00, 9:00, 18:30 oraz o 17:00 (w pierwsze piątki roku szkolnego)","http://www.diecezja.legnica.pl/teksty/parafie.php?n=100415"
"Parafia św. Józefa - Opiekuna Zbawiciela","59-220 Legnica, ul. ks. Bronisława Gładysza 24","www.legnica.franciszkanie.pl/","legnica@franciszkanie.pl","76/8501110","PAZGAN Jan","8:30, 10:00, 11:30","17:00","http://www.diecezja.legnica.pl/teksty/parafie.php?n=100416"
"Parafia św. Ap. Piotra i Pawła (Katedra)","59-220 Legnica, ul. św. Piotra 2a","ikona.org/wp/","jpazgan@tlen.pl","76/7244281","KRISTMAN Robert","","","http://www.diecezja.legnica.pl/teksty/parafie.php?n=100417"
"Parafia Świętej Rodziny","59-220 Legnica, ul. Słubicka 6/8","www.katedra.legnica.pl","katedra@diecezja.legnica.pl","76/8621980","KRYŁOWSKI Bronisław","8:00, 10:00, 11:30, 18:00","9:00","http://www.diecezja.legnica.pl/teksty/parafie.php?n=100418"
"Parafia Podwyższenia Krzyża Św.  i  św. Jadwigi Śląskiej","59-241 Legnickie Pole, ul. św. Jadwigi 1","","","76/8582185","GUCWA Włodzimierz","7:30,10:00, 12:30","18:00","http://www.diecezja.legnica.pl/teksty/parafie.php?n=100407"
"Parafia św. Bartłomieja Apostoła","58-425 Leszczyniec  104","www.bazylikamniejsza.pl/","","75/7424470","BARCZEWSKI Czesław","8:00, 10:00, 12:00,","18:00, (porządek zimowy: 17:00)","http://www.diecezja.legnica.pl/teksty/parafie.php?n=100396"
"Parafia św. Jana Chrzciciela","59-820 Leśna, ul. Sienkiewicza 44","","","75/7211287","DĄBSKI Jan","7:00; 18:00","7:00; 18:00","http://www.diecezja.legnica.pl/teksty/parafie.php?n=100426"
"Parafia św. Apostołów Piotra i Pawła","Lipa Jaworska   74, 59-420 Bolków","www.parafialesna.diecezja.legnica.pl","parafialesna@o2.pl","75/7414028","OPALA Paweł","12:00","7:15 (sobota) 17:00 (porządek zimowy: 17:00)","http://www.diecezja.legnica.pl/teksty/parafie.php?n=100551"
"Parafia Najświętszego Serca Pana Jezusa i Św. Jakuba","59-800 Lubań, pl. ks. J. Winiarskiego 1","","","75/6464879","JACKOWIAK Mieczysław","7:30, 9:30, 11:00, 12:30, 18:00","7:00, 18:00","http://www.diecezja.legnica.pl/teksty/parafie.php?n=100433"
"Parafia Świętej Trójcy","59-800 Lubań, ul. Szymanowskiego 1","sercejezusaluban.pl","mieczyslawjackowiak@o2.pl","75/7223103","LOMBARSKI Jan","","7:00, 18:00","http://www.diecezja.legnica.pl/teksty/parafie.php?n=100435"
"Parafia św. Jadwigi Śląskiej","59-800 Lubań, ul. Papieża Jana Pawła II 3","www.trojca-luban.pl","poczta@trojca-luban.pl","75/7217735","FILA Andrzej","7:30 (w II niedziele miesiąca: 13:00)","18:00","http://www.diecezja.legnica.pl/teksty/parafie.php?n=100443"
"Parafia św. Maksymiliana M. Kolbe","59-800 Lubań, ul. Skalnicza 4","","","75/7224769","BARSKI Janusz","8:30, 11:30","18:00 (porządek zimowy: 17:00)","http://www.diecezja.legnica.pl/teksty/parafie.php?n=100434"
"Parafia Narodzenia NMP","59-800 Lubań, ul. Różana 21","swmaksymilian.luban.pl/","","75/7222430","KURZAWA Marek","8:30, 10:00, 12:00","18:00","http://www.diecezja.legnica.pl/teksty/parafie.php?n=100432"
"Parafia Wniebowzięcia NMP","58-420 Lubawka, pl. Jana Pawła II 8","","kurzus_m@wp.pl","75/7411652","CZEKAŃSKI Józef","8:00, 9:30, 11:00, 12:30, 18:00 (porządek zimowy: 8:00, 9:30, 11:00, 12:30, 17:00)","7:00, 18:00 (porządek zimowy: 7:00, 17:00)","http://www.diecezja.legnica.pl/teksty/parafie.php?n=100397"
"Parafia Matki Bożej Częstochowskiej","59-300 Lubin, ul. B. Chrobrego 7","www.parafia.lubawka.glt.pl/","lubawka-parafia@o2.pl","76/8444140","BUJAK Paweł","7:00, 8:30, 10:00, 11:30, 13:00, 18:00","6:00, 7:00, 18:00","http://www.diecezja.legnica.pl/teksty/parafie.php?n=100444"
"Parafia Najświętszego Serca Pana Jezusa","59-300 Lubin, ul. B. Prusa 4","mbcz.lubin.pl","lubinmbcz@salezjanie.pl","76/8441460","GRAF Ludwik","7:00, 8:30, 10:00, 11:30, 13:00, 16:30, 19:00","6:30, 7:00, 7:00, (czwartek, piątek) 12:00, 18:00","http://www.diecezja.legnica.pl/teksty/parafie.php?n=100445"
"Parafia św. Jana Sarkandra","59-300 Lubin, ul. Szpakowa 4","","lubinnspj@salezjanie.pl","76/8423111","DRWIŁA Andrzej","8:00, 10:00, 12:00, 20:00","7:00, 18:00","http://www.diecezja.legnica.pl/teksty/parafie.php?n=100446"
"Parafia św. Maksymiliana M. Kolbe","59-300 Lubin, ul. Orla 32","","","76/8445404","MIGDAŁ Wiesław","7:00 ; 9:00, 11:00, 12:30, 14:00, 16:00, 18:00","7:00, 18:00","http://www.diecezja.legnica.pl/teksty/parafie.php?n=100447"
"Parafia św. Barbary","59-335 Lubin, ul. Plac św. Barbary 1","www.mmkolbe.lubin.pl","parafia@mmkolbe.lubin.pl","76/8425914","ĆWIKLIŃSKI Waldemar Janusz","8:00, 10:00, 12:00, 18:00 (porządek zimowy: 8:00, 10:00, 12:00, 15:00, 18:00)","7:00 (wtorek, sobota) 18:00 (porządek zimowy: poniedziałek 7:00, wtorek, sobota 18:00, środa, czwartek, piatek, 7:00, 18:00)","http://www.diecezja.legnica.pl/teksty/parafie.php?n=100456"
"Parafia Narodzenia NMP","Lubin, ul. Budowniczych LGOM 18, 59-335 Lubin 7","www.sw.barbary.lubin.pl/","parafia@sw.barbary.lubin.pl","76/7492201","KRZYŻANOWSKI Krzysztof","9:00","17:00","http://www.diecezja.legnica.pl/teksty/parafie.php?n=100566"
"Parafia św. Jana Bosko","59-300 Lubin, ul. Jana Pawła II 58","","","76/8447865","GORCZAKOWSKI Stanisław","","6:30, 18:00","http://www.diecezja.legnica.pl/teksty/parafie.php?n=100567"
"Parafia Wniebowzięcia NMP i św. Maternusa","59-623 Lubomierz, pl. Kościelny 1","lubin-bosko.salezjanie.pl/","","75/7833547","JAWORSKI Erwin","8:00, 12:30, 18:00","18:00","http://www.diecezja.legnica.pl/teksty/parafie.php?n=100473"
"Parafia Wniebowzięcia NMP","59-600 Lwówek Śląski, ul. Kościelna 27","www.lubomierz.legnica.opoka.org.pl/","parlubomierz@o2.pl","75/7823031","KIEŁBOWICZ Krzysztof","7:00, 8:30, 10:00, 11:30, 15:00 (od 1. Niedzieli września do ostatniej Niedzieli czerwca(Msza Św. Niedzielna w ciągu roku szkolnego)), 18:00","7:00, 18:00","http://www.diecezja.legnica.pl/teksty/parafie.php?n=100474"
"Parafia św. Franciszka z Asyżu","59-600 Lwówek Śląski, ul. Szkolna 1","parafia.lwowek.pl/","","75/7825684","SZPYT Jan","7:00, 8:30, 10:00, 11:30, 18:30","7:00, 8:00, 17:00, 18:00","http://www.diecezja.legnica.pl/teksty/parafie.php?n=100480"
"Parafia św. Antoniego Padewskiego","Łagów, ul. Szkolna  1, 59-900 Zgorzelec","","","75/7715924","POLONIS Stanisław","","","http://www.diecezja.legnica.pl/teksty/parafie.php?n=101127"
"Parafia Niepokalanego Serca Najświętszej Maryi Panny","Ławszowa  38, 59-724 Osiecznica","","","75/7321185","DOMIŃSKI Zbigniew","9:00, 10:00","18:00 (porządek zimowy 16:00)","http://www.diecezja.legnica.pl/teksty/parafie.php?n=100290"
"Parafia Niepokalanego Poczęcia Najświętszej Maryi Panny","58-508 Łomnica, ul. Świerczewskiego 73","","","75/7131615","WITCZAK Mariusz","8:00, 10:30, 11:45","(poniedziałek 8:00), (pozostałe dni 18:00) ( porządek zimowy: 8:00, 17:00)","http://www.diecezja.legnica.pl/teksty/parafie.php?n=100485"
"Parafia Narodzenia NMP","Małuszów  14, 59-424 Męcinka","www.parafia-lomnica.pl/","","76/8738495","BRYJA Jan","8:30, 12:00","19.00 (porządek zimowy: 17:00)","http://www.diecezja.legnica.pl/teksty/parafie.php?n=100411"
"Parafia Niepokalanego Serca  Najświętszej Maryi Panny","58-410 Marciszów, ul. Sołecka 5","","","75/7410375","JAGIELSKI Zbigniew","10:00 (w święta: 16:00)","17:00 (porządek zimowy: 16:00)","http://www.diecezja.legnica.pl/teksty/parafie.php?n=100391"
"Parafia św. Andrzeja Apostoła","59-424 Męcinka  27","","","76/8708628","KLUWAK Marek","9:00","18:30 (porządek zimowy: 17:00)","http://www.diecezja.legnica.pl/teksty/parafie.php?n=100352"
"Parafia Wniebowzięcia Najświętszej Maryi Panny","Mierczyce  15, 59-430 Wądroże Wielkie","","","76/8874783","WĄTRUCH Mirosław","10:30","16:00","http://www.diecezja.legnica.pl/teksty/parafie.php?n=100353"
"Parafia Niepokalanego Poczęcia Najświętszej Maryi Panny","59-222 Miłkowice, ul. Słoneczna 2","","","76/8871426","BERNASIEWICZ Remigiusz","9:30, 11:00","18:00 (porządek zimowy: 17:00)","http://www.diecezja.legnica.pl/teksty/parafie.php?n=100309"
"Parafia św. Jadwigi","58-535 Miłków, ul. Wiejska 79","","","75/7610325","KULESZA Zbigniew","9:00, 11:00, 18:00 (porządek zimowy: 9:00, 11:00, 17:00)","19:00 (porządek zimowy: 17:00)","http://www.diecezja.legnica.pl/teksty/parafie.php?n=100486"
"Parafia Świętej Trójcy","59-323 Miłoradzice  42","","","76/8448527","ANTOSIK Krzysztof","9:00","(piątek, sobota) 17:00 (18:00)","http://www.diecezja.legnica.pl/teksty/parafie.php?n=100448"
"Parafia Zwiastowania NMP","59-630 Mirsk, ul. Kościelna 12","","miloradzice@tlen.pl","75/7834570","RADZIWOŁEK Zbigniew","7:45, 9:00, 11:00, 13:00, 18:00","7:00, 18:00","http://www.diecezja.legnica.pl/teksty/parafie.php?n=100317"
"Parafia Wszystkich Świętych","58-422 Miszkowice  13","","","75/7426677","FLORCZUK Wiesław","8:00, 10:00","18:00","http://www.diecezja.legnica.pl/teksty/parafie.php?n=100398"
"Parafia Matki Boskiej Nieustającej Pomocy","Mleczno  6, 59-305 Rudna","www.parafiamiszkowice.alias.pl/","","76/8434233","JASTRZĘBSKI Jerzy","","","http://www.diecezja.legnica.pl/teksty/parafie.php?n=100568"
"Parafia Matki Boskiej Częstochowskiej","Modlikowice  38, 59-516 Zagrodno","parafiamleczno.pl/","","76/8773381","STELMACH Tadeusz","12:00","17:00 (porządek zimowy: 19:00)","http://www.diecezja.legnica.pl/teksty/parafie.php?n=100310"
"Parafia Nawiedzenia NMP","59-407 Mściwojów  41","","","76/8728547","JUCHIEWICZ Wiktor","12:00","18:00","http://www.diecezja.legnica.pl/teksty/parafie.php?n=100354"
"Parafia Najświętszego Serca Pana Jezusa","58-533 Mysłakowice, ul. 1 Maja 15","","xwiktor@poczta.onet.pl","75/7131700","BĘTKOWSKI Mieczysław","8:30","7:00, 18:00 (porządek zimowy: 7:00, 17:00)","http://www.diecezja.legnica.pl/teksty/parafie.php?n=100487"
"Parafia św. Antoniego","Niedźwiedzice  14, 59-225 Chojnów","myslakowice.diecezja.legnica.pl","","76/8186820","MIANOWSKI Piotr","8:00, 10:30","18:00 (porządek zimowy: 17:00)","http://www.diecezja.legnica.pl/teksty/parafie.php?n=100311"
"Parafia Matki Boskiej Anielskiej","Nowa Wieś Grodziska  81, 59-524 Pielgrzymka","","","76/8775276","SZCZEPANIAK Tadeusz","17:30, 11:00 (porządek zimowy: 8:00, 12:00)","","http://www.diecezja.legnica.pl/teksty/parafie.php?n=100594"
"Parafia św. Piotra i Pawła","59-730 Nowogrodziec, ul. Kościelna 1","","","75/7316246","SŁABICKI Krzysztof","7:00, 10:30, 12:00,17:00","7:00, 18:00","http://www.diecezja.legnica.pl/teksty/parafie.php?n=100505"
"Parafia Matki Boskiej Różańcowej","58-540 Nowy Kościół, ul. Jeleniogórska 56a","","parafia.nowogrodziec@neostrada.pl","75/7135617","HICZKIEWICZ Hieronim","8:15, 11:00, 18:00 (porządek zimowy: 8:15, 11:00, 16:00)","18:00 (porządek zimowy: 16:00)","http://www.diecezja.legnica.pl/teksty/parafie.php?n=100555"
"Parafia Narodzenia Najświętszej Maryi Panny","Ocice  71, 59-730 Nowogrodziec","","","75/7361127","KULICKI Andrzej","8:00 (porządek zimowy: 9:00)","18:00 (porządek zimowy: 17:00)","http://www.diecezja.legnica.pl/teksty/parafie.php?n=100506"
"Parafia Matki Boskiej Różańcowej","Okmiany  63, 59-225 Chojnów","","","76/8188955","TERLECKI Adam","","","http://www.diecezja.legnica.pl/teksty/parafie.php?n=100312"
"Parafia Najświętszego Serca Pana Jezusa","59-517 Olszanica  86a","www.parafiaokmiany.pl","mbrokmiany@gmail.com","76/8773334","PITA Ryszard","8:00, 12:00","18:00 (porządek zimowy: 16:00)","http://www.diecezja.legnica.pl/teksty/parafie.php?n=100595"
"Parafia św. Michała Archanioła","Olszany  31, 59-305 Rudna","","","76/8439356","WOJTASZEK Józef","18:00, 12:00","17:00 (porządek zimowy: 16:00)","http://www.diecezja.legnica.pl/teksty/parafie.php?n=100383"
"Parafia św. Józefa Oblubieńca","59-830 Olszyna, ul. Legnicka 14","","","75/7212346","DOCHNIAK Jan","7:00, 9:15, 11:00, 12:30, 18:00","7:00, 18:00","http://www.diecezja.legnica.pl/teksty/parafie.php?n=100436"
"Parafia Narodzenia Narodzenia Najświętszej Maryi Panny","59-922 Opolno Zdrój, ul. Parkowa 10","www.parafiaolszyna.pl","parafia.olszyna@interia.pl","75/7738319","RYDZY Marek","9:00, 12:00","17:00","http://www.diecezja.legnica.pl/teksty/parafie.php?n=100283"
"Parafia św. Maksymiliana M. Kolbe","59-724 Osiecznica, ul. Klonowa 4","","","75/7312150","KAPROŃ Artur","8:00, 11:30","18:00 (porządek zimowy: 17:00)","http://www.diecezja.legnica.pl/teksty/parafie.php?n=100291"
"Parafia Chrystusa Króla","Osiek, ul. Św. Katarzyny  73 A, 59-300 Lubin","","","76/8428344","SKOWRON Wojciech","","","http://www.diecezja.legnica.pl/teksty/parafie.php?n=100449"
"Parafia Narodzenia Najświętszej Maryi Panny","Osiek Łużycki  58, 59-900 Zgorzelec","parafiaosiek.pl/","chrystus.krol.osiek@wp.pl","75/7718133","SAŁAGA Piotr","8:00, 12:00","18:00 (porządek zimowy: 17:30)","http://www.diecezja.legnica.pl/teksty/parafie.php?n=100586"
"Parafia św. Piotra i Pawła","Osła  45, 59-706 Gromadka","","","75/7382331","TRZNADEL Jan","11:30","18:00 (porządek zimowy: 17:00)","http://www.diecezja.legnica.pl/teksty/parafie.php?n=100269"
"Parafia św. Antoniego Padewskiego","Parowa  106, 59-724 Osiecznica","","","75/7321886","RYCHEL Edward","8:00, 10:00","18:00,19:00 (porządek zimowy: 17:00)","http://www.diecezja.legnica.pl/teksty/parafie.php?n=100579"
"Parafia Świętej Trójcy","59-411 Paszowice  115","","","76/8701779","JEŻ Bogusław","8:30, 11:00","18:00","http://www.diecezja.legnica.pl/teksty/parafie.php?n=100355"
"Parafia św. Antoniego Padewskiego","58-573 Piechowice, ul. Żymierskiego 40","","","75/7612269","SOROKA Ryszard","7:30, 9:00, 11:00, 12:00, 18:00","18:00 (w I piątek miesiąca: 8:00)","http://www.diecezja.legnica.pl/teksty/parafie.php?n=100546"
"Parafia św. Jana Nepomucena","59-524 Pielgrzymka  112","","","76/8775037","WRÓBEL Franciszek","9:30 (porządek zimowy: 10:30)","18:00 (porządek zimowy: 17:00)","http://www.diecezja.legnica.pl/teksty/parafie.php?n=100596"
"Parafia św. Franciszka z Asyżu","59-930 Pieńsk, ul. Świerczewskiego 37","","","75/7786534","KUSTROŃ Marek","7:00, 8:30, 10:00, 11:00, 12:30, 18:00","7:00, 18:00","http://www.diecezja.legnica.pl/teksty/parafie.php?n=100580"
"Parafia Wniebowzięcia NMP","Pisarzowice  83, 58-400 Kamienna Góra","","","75/7428889","SIKORA Krzysztof","8:00, 11:00","18:00 (porządek zimowy: 16:30)","http://www.diecezja.legnica.pl/teksty/parafie.php?n=100399"
"Parafia Macierzyństwa Najświętszej Maryi Panny","Pisarzowice, dek. Lubań  120, 59-800 Lubań","www.parafiapisarzowice.strefa.pl","parafia.pisarzowice@poczta.fm","75/7223079","GĘBAROWSKI Kazimierz","9:00, 11:00","17:00","http://www.diecezja.legnica.pl/teksty/parafie.php?n=100437"
"Parafia Niepokalanego Serca  Najświętszej Maryi Panny","59-816 Platerówka  219","","","75/7241303","MUCHA Franciszek","9:20, 11:45","18:00 (porządek zimowy: 17:00) (sobota) 16:00","http://www.diecezja.legnica.pl/teksty/parafie.php?n=100427"
"Parafia św. Tekli","59-622 Pławna  89","","","75/7833092","BOCHENEK Krzysztof","8:00; 11:30","18:00 (porządek zimowy: 15:30)","http://www.diecezja.legnica.pl/teksty/parafie.php?n=100475"
"Parafia Świętej Trójcy","58-562 Podgórzyn, ul. Kościelna 2","","","75/7621041","TOKARZ Jacek","","","http://www.diecezja.legnica.pl/teksty/parafie.php?n=100488"
"Parafia św. Jacka","Pogorzeliska  21, 59-140 Chocianów","","","76/8171232","PRYPUTNIEWICZ Jan","11:30, 18:00 (porządek zimowy: 11:30, 17:00)","18:00 (porządek zimowy: 16:30)","http://www.diecezja.legnica.pl/teksty/parafie.php?n=100297"
"Parafia Matki Bożej Królowej Polski","59-101 Polkowice, ul. kard. Bolesława Kominka 1a","","","76/7244400","PLUSKOTA Marek","7:30, 9:00, 11:00, 19:00","9:00, 19:00 (porządek zimowy: 9:00, 18:00)","http://www.diecezja.legnica.pl/teksty/parafie.php?n=100521"
"Parafia św. Michała Archanioła","59-100 Polkowice, pl. Kościelny 2","www.mbkp.polkowice.pl","parafia@polkombkp.lh.pl","76/8451437","ŚWIĘCICKI Jarosław","7:00, 10:30, 12:00, 13:00","7:00, 9:00, 18:00","http://www.diecezja.legnica.pl/teksty/parafie.php?n=100522"
"Parafia Matki Boskiej Łaskawej","Polkowice, ul. Wojska Polskiego 7, 59-100 Polkowice 1","www.michalpolkowice.pl","parafia-michal@tabs.pl","76/7495167","WÓJS Ireneusz","10:00, 12:00, 18:00 (porzadek zimowy: 10:30, 12:00, 17:00)","18:00 (porządek zimowy: 17:00)","http://www.diecezja.legnica.pl/teksty/parafie.php?n=100526"
"Parafia św. Marcina","Pomocne  41, 59-424 Męcinka","mbl.polkowice.pl","p.m.b.l@wp.pl","76/8708928","LACH Marek","11:00","18:00 (porządek zimowy: 16:30)","http://www.diecezja.legnica.pl/teksty/parafie.php?n=100556"
"Parafia Najświętszego Serca Pana Jezusa","Porajów, pl. Papieża Jana Pawła II  1, 59-921 Sieniawka","","","75/7738216","KORAB Zbigniew","8:00, 12:30","18:00 (porządek zimowy: 17:00)","http://www.diecezja.legnica.pl/teksty/parafie.php?n=100284"
"Parafia św. Jana Chrzciciela","59-230 Prochowice, ul. Legnicka 44","www.zspigp.neostrada.pl/parafia.htm","","76/8584456","DĄBSKI Tadeusz","7:00, 9:00, 11:00, 18:00 (porządek zimowy: 7:00, 9:00, 11:00, 17:00)","7:00, 18:00 (porządek zimowy: 7:00, 17:00)","http://www.diecezja.legnica.pl/teksty/parafie.php?n=100572"
"Parafia św. Jadwigi","Prusice  19 A, 59-500  Złotoryja","prochowice.diecezjalegnica.pl/","","76/8783920","BIAŁEK Kazimierz","9:00, 12:00","18:00","http://www.diecezja.legnica.pl/teksty/parafie.php?n=100597"
"Parafia św. Michała Archanioła","59-720 Raciborowice  188","","par.prusice@op.pl","75/8189303","KRYŁOWSKI Andrzej","9:00, 12:00","18:00","http://www.diecezja.legnica.pl/teksty/parafie.php?n=100270"
"Parafia Matki Bożej Królowej Polski","Radogoszcz  68, 59-800 Lubań ","","","75/7223762","LEŚNIK Jan","10:00","(czwartek, sobota) 18:00 (porządek zimowy: 16:00)","http://www.diecezja.legnica.pl/teksty/parafie.php?n=100438"
"Parafia Matki Bożej Różańcowej","Radomierz  66, 58-520 Janowice Wielkie","","","75/7515477","JACYSZYN Eugeniusz","8:30, 12:00","17:00 (porządek zimowy: 16:00)","http://www.diecezja.legnica.pl/teksty/parafie.php?n=100364"
"Parafia Objawienia Pańskiego","Radostów Średni  71, 59-800 Lubań","","","75/7221989","OLECHOWSKI Józef","8:00","17:00","http://www.diecezja.legnica.pl/teksty/parafie.php?n=100439"
"Parafia św. Marii Magdaleny","Radzimów  7, 59-975 Sulików","","","75/7776136","WOJCIECHOWSKI Andrzej","8:00, 10:30, 12:00","7.00, 18.00 (porządek zimowy: 7:00, 16:00)","http://www.diecezja.legnica.pl/teksty/parafie.php?n=100428"
"Parafia Niepokalanego Serca  Najświętszej Maryi Panny","59-307 Raszówka, ul. 1 Maja 8a","","","76/8448165","CERKOWNIAK Marek","10:00","","http://www.diecezja.legnica.pl/teksty/parafie.php?n=100450"
"Parafia św. Barbary","59-624 Rębiszów  118","","","75/7839159","PACYNIAK Zbigniew","9:00, 13:00 w Domu Pomocy Społecznej 16:00","7:00","http://www.diecezja.legnica.pl/teksty/parafie.php?n=100318"
"Parafia Matki Bożej Częstochowskiej","Rokitki  73a, 59-225 Chojnów","","","76/8178803","KUTKIEWICZ Piotr","10:00","19:00 (porządek zimowy: 18:00)","http://www.diecezja.legnica.pl/teksty/parafie.php?n=100298"
"Parafia Wniebowzięcia NMP","Rosochata  30, 59-216 Kunice ","www.rokitki.info","","76/8575027","JUŹKÓW Józef","10:30","8:30, 17:20 (porządek zimowy: 10:30, 16:10)","http://www.diecezja.legnica.pl/teksty/parafie.php?n=100573"
"Parafia Trójcy Świętej","59-305 Rudna, pl. Kościelny 3","","","76/8434127","JANICKI Władysław","8:00, 9:30, 11:00","18:00 (porządek zimowy: 16:30)","http://www.diecezja.legnica.pl/teksty/parafie.php?n=100523"
"Parafia św. Katarzyny Aleksandryjskiej","Rudzica  133, 59-818 Siekierczyn","","","75/7210853","PRAJS Piotr","9:30","19:00 (porządek zimowy: 17:00)","http://www.diecezja.legnica.pl/teksty/parafie.php?n=100440"
"Parafia św. Łukasza Ewangelisty","59-243 Ruja  59","","","76/8580391","WOJCIECHOWICZ Jan","10:30","(środa) 16:30","http://www.diecezja.legnica.pl/teksty/parafie.php?n=100574"
"Parafia Zmartwychwstania Pańskiego","59-950 Ruszów, ul. Dworcowa 4","","","75/7714352","PŁAWECKI Antoni","8:00, 9:30,11:30","18:00 (porządek zimowy: 17:00)","http://www.diecezja.legnica.pl/teksty/parafie.php?n=100581"
"Parafia św. Katarzyny Aleksandryjskiej","Rybnica  28, 58-512 Stara Kamienica","","","75/7514576","SZUMSKI Artur","8:00, 11:00","18:00 (porządek zimowy: 16:30)","http://www.diecezja.legnica.pl/teksty/parafie.php?n=100373"
"Parafia Matki Boskiej Ostrobramskiej","Rząsiny  99, 59-620 Gryfów Śląski","","","75/7844086","ŻMIGRODZKI Krzysztof","8:30, 10:00","7:30","http://www.diecezja.legnica.pl/teksty/parafie.php?n=100320"
"Parafia Świętego Krzyża","Rzeszotary, ul. Legnicka 25, 59-222 Miłkowice","parafia.rzasiny.pl","parafia@rzasiny.pl","76/8621728","KAWZOWICZ Stanisław","9:30","18.00 (porządek zimowy: 17.00)","http://www.diecezja.legnica.pl/teksty/parafie.php?n=100419"
"Parafia św. Michała Archanioła","Siedlce, ul. Czerniec 22, 59-300 Lubin - Niemstów","","","76/8418844","ŻUREK Tadeusz","12:30","(wtorek, sobota) 18:00 (porządek zimowy: 17:00)","http://www.diecezja.legnica.pl/teksty/parafie.php?n=100559"
"Parafia św. Mikołaja","Siedlęcin, ul. Długa 24, 58-508 Jelenia Góra 14","","parafia.siedlce@interia.pl","75/7137323","PYTEL Dariusz","8:00, 12:00","18:00, (porządek zimowy: 17:00)","http://www.diecezja.legnica.pl/teksty/parafie.php?n=100368"
"Parafia św. Antoniego Padewskiego","59-818 Siekierczyn  208","","","75/7221780","KASZOWICZ Stanisław","8:00, 11:00, 12:30 (w wakacje: 8:00, 12:00)","18:00","http://www.diecezja.legnica.pl/teksty/parafie.php?n=100441"
"Parafia Wniebowzięcia NMP","Słup  58, 59-424 Męcinka","","farasiekierczyn@interia.pl","76/8708637","DYL Zbigniew","8:00, 12:15","18:00 (porządek zimowy: 16:00)","http://www.diecezja.legnica.pl/teksty/parafie.php?n=100356"
"Parafia Wniebowstąpienia Pańskiego","Snowidza  85a, 59-407 Mściwojów","parafiaslup.pl","parafia@parafiaslup.pl","76/8718390","PUDEŁKO Dariusz","8:00, 12:00","8:00","http://www.diecezja.legnica.pl/teksty/parafie.php?n=100357"
"Parafia św. Michała Archanioła","Sobin, ul. Turkusowa 7, 59-100 Polkowice","","","76/8459680","SZYMAŃSKI Mariusz","10:00","18:00 (porzadek zimowy: 16:00)","http://www.diecezja.legnica.pl/teksty/parafie.php?n=100524"
"Parafia św. Piotra i Pawła Ap.","Sobota  10a, 59-600 Lwówek ŚLąski","parafiasobin.eu","sobin@diecezja.legnica.pl","75/7842092","PAJOR Zbigniew","10:00","","http://www.diecezja.legnica.pl/teksty/parafie.php?n=100476"
"Parafia św. Jadwigi","Sokołowiec  96, 59-540 Świerzawa","michalici.pl","sobotamichalici@wp.pl","75/7135724","STĘPIEŃ Mieczysław","8:30, 12:00","(sobota) 16:00","http://www.diecezja.legnica.pl/teksty/parafie.php?n=100557"
"Parafia Najświętszego Serca Pana Jezusa i Matki Bożej Ostrobramskiej","58-564 Sosnówka, ul. Szkolna 2","parafia.sokolowiec.pl","parafia@sokolowiec.pl","75/7610625","KOCIOŁA Robert","12:00","18:00 (porządek zimowy: 17:00)","http://www.diecezja.legnica.pl/teksty/parafie.php?n=100489"
"Parafia Ścięcia św. Jana Chrzciciela","58-512 Stara Kamienica  150","","","75/7514348","NICKO Jan","8:00, 12:00","7:00","http://www.diecezja.legnica.pl/teksty/parafie.php?n=100547"
"Parafia Matki Boskiej Szkaplerznej","Stary Węgliniec, ul. M. Konopnickiej 16, 59-940 Węgliniec","","","75/7712652","ŻĄDŁO Krzysztof","10:00","(poniedziałek, czwartek) 7:00, (piątek) 18:00, (sobota) 18:00 (porządek zimowy: 7:00, 17:00, 18:00)","http://www.diecezja.legnica.pl/teksty/parafie.php?n=100582"
"Parafia Podwyższenia Krzyża Świętego","59-975 Sulików, ul. Dworcowa 7","","","75/7787257","KANKIEWICZ Janusz","10:00","18.00","http://www.diecezja.legnica.pl/teksty/parafie.php?n=100429"
"Parafia św. Jacka","Tomaszów Bolesławiecki  95, 59-720 Raciborowice Górne","parafia.sulikow.pl","parafia.sulikow@op.pl","","ŁUCZYŃSKI Andrzej","9:30","","http://www.diecezja.legnica.pl/teksty/parafie.php?n=101211"
"Parafia Bożego Ciała","58-580 Szklarska Poręba, ul. ks. kard. Wyszyńskiego 2","","","75/7172282","MIKOŁAJCZAK Zygmunt","7:00, 10:00, 11:30, 15:00, 19:00 (porządek zimow: 7:00, 10:00, 11:30, 15:00, 19:00)","10:00, 19:00 (porządek zimowy: 10:00, 17:00)","http://www.diecezja.legnica.pl/teksty/parafie.php?n=100548"
"Parafia św. Maksymiliana M. Kolbe","58-580 Szklarska Poręba, ul. Mickiewicza 16","www.szklarska.franciszkanie.pl","szklarska@franciszkanie.pl","75/7172079","SAWARYN Bogusław","8:00, 10:30, 12:00, 19:00, (porządek zimowy 8:00, 10:30, 12:00, 17:00 ) w kaplicy Domu WSD 9:15","(maj - październik) 19:00 (porządek zimowy: październik - maj 17:00)","http://www.diecezja.legnica.pl/teksty/parafie.php?n=100550"
"Parafia św. Piotra i Pawła","59-314 Szklary Górne  40","maksymilian-szklarska.pl","maksymilian.szklarska@2.pl","76/8448460","BUCYK Krzysztof","8:30, 11:00","18:00","http://www.diecezja.legnica.pl/teksty/parafie.php?n=100299"
"Parafia św. Józefa Robotnika","Ściegny  78, 58-535 Miłków","","","75/7619129","ŚWIDROŃ Stefan","8:00, 11:00, 18:00 (porządek zimowy: 8:00, 11:00, 17:00)","18:00 (porządek zimowy: 17:00)","http://www.diecezja.legnica.pl/teksty/parafie.php?n=100490"
"Parafia Podwyższenia Krzyża Świętego","59-330 Ścinawa, pl. Kościelny 5","","","76/8436040","KACZOROWSKI Bogdan","8:00, 9:30, 11:00, 12:15, 18:00 (porządek zimowy: 8:00, 9:30, 11:00, 17:00)","6:30, 18:00 (porządek zimowy: 6:30, 17:00)","http://www.diecezja.legnica.pl/teksty/parafie.php?n=100384"
"Parafia Podwyższenia Krzyża Świętego","59-850 Świeradów Zdrój, ul. Główna 8","","","75/7816235","BALCEWICZ Marian","9:00, 11:00, 18:00 (porządek zimowy: 9:00, 11:00, 16:00)","18:00 (porządek zimowy: 7:00, 16:00)","http://www.diecezja.legnica.pl/teksty/parafie.php?n=100321"
"Parafia św. Józefa Oblubieńca","59-850 Świeradów Zdrój, ul. E. Orzeszkowej 6","","","75/7816417","MOLSKI Franciszek","13:00","7:00, 19:00 (porządek zimowy: 7:00, 16:30)","http://www.diecezja.legnica.pl/teksty/parafie.php?n=100322"
"Parafia Wniebowzięcia NMP","59-540 Świerzawa, ul. Plac Najświętszej Marii Panny 2","www.jozefswieradow.pl","jozefswieradow@wp.pl","75/7135232","SMOLIŃSKI Piotr","8:00, 9:30, 12:00, 18:00 (porządek zimowy: 17:00)","7:00,18:00 (porządek zimowy: 17:00)","http://www.diecezja.legnica.pl/teksty/parafie.php?n=100558"
"Parafia św. Jadwigi","Tomaszów Bolesławiecki  95, 59-720 Raciborowice Górne","www.parafia-swierzawa.rataq.pl/","","75/7389519","ŁUCZYŃSKI Andrzej","8:00, 11:00, 12:30","19:00 (porządek zimowy: 17:00)","http://www.diecezja.legnica.pl/teksty/parafie.php?n=100271"
"Parafia Stygmatów św. Franciszka z Asyżu","Tomisław  52, 59-724 Osiecznica","parafia.tomaszowbol.pl","","75/7312203","SZYMANIAK Marcin","7:30, 11:30","19:00 (porządek zimowy: 17:00)","http://www.diecezja.legnica.pl/teksty/parafie.php?n=100292"
"Parafia św. Piotra i Pawła","Trójca  40, 59-900 Zgorzelec","","","75/7718750","REŹNY Marek","7:30, 13:00,","(wtorek,środa, sobota) 17:00","http://www.diecezja.legnica.pl/teksty/parafie.php?n=100587"
"Parafia Podwyższenia  Krzyża Świętego","Trzebień, ul. Bolesławiecka 1, 59-700 Bolesławiec","","","75/7365560","KARABAN Zbigniew","10:30","16:00","http://www.diecezja.legnica.pl/teksty/parafie.php?n=100293"
"Parafia Matki Bożej Różańcowej","Trzebnice  113, 59-145 Chocianowiec","www.parafiatrzebien.pl","parafia.trzebien@neostrada.pl","76/8174179","SZCZYKNO Marian","8:00, 12:00","18:00 (porządek zimowy: 17:00)","http://www.diecezja.legnica.pl/teksty/parafie.php?n=100300"
"Parafia św. Apostołów Piotra i Pawła","Proboszczów  111, 59-524 Pielgrzymka","","","75/8775056","ŁYCZKO Mirosław","8:00, 12:00","8:00","http://www.diecezja.legnica.pl/teksty/parafie.php?n=100552"
"Parafia Matki Bożej Bolesnej","Tymowa  114, 59-330 Ścinawa","","","76/8436359","BUŁA Zbigniew","8:00, 12:00","18:00 (porządek zimowy: 17:00)","http://www.diecezja.legnica.pl/teksty/parafie.php?n=100377"
"Parafia Wniebowzięcia Najświętszej Maryi Panny","Ulesie/Jezierzany  6a, 59-222 Miłkowice","","parafiambb-tymowa@wp.pl","76/8570237","BRYLAK Stanisław","9:30, 12:30","(wtroek, piątek) 18:00, (sobota) 9:00,","http://www.diecezja.legnica.pl/teksty/parafie.php?n=100412"
"Parafia Narodzenia NMP","Warta Bolesławiecka  35, 59-720 Raciborowice Górne","","","75/7389562","WOŹNIAK Franciszek","7:30, 12:00","7:30, 18:00 (porządek zimowy: 7:30, 17:00)","http://www.diecezja.legnica.pl/teksty/parafie.php?n=100275"
"Parafia Najświętszego Serca Pana Jezusa","59-940 Węgliniec, ul. Kościuszki 20","","","75/7712044","SŁYSZKO Przemysław","8:00, 9:30, 10:45, 12:00 (w wakacje 8:00, 9:30, 11:00)","7:00 (sobota) 17:00","http://www.diecezja.legnica.pl/teksty/parafie.php?n=100583"
"Parafia Narodzenia Najświętszej Maryi Panny","Wielowieś  69, 59-330 Ścinawa","www.parafiawegliniec.pl","parafia.nspj@gmail.com","76/8432763","ROPIAK Grzegorz","8:30, 10:00, 11:30","18:00","http://www.diecezja.legnica.pl/teksty/parafie.php?n=100385"
"Parafia Niepokalanego Poczęcia Najświętszej Maryi Panny","59-513 Wilków   53","","","76/8783464","PARUCH Czesław","8:30, 11:00, 17:00","7:30, 18:00, (porządek zimowy: 7:30, 17:00)","http://www.diecezja.legnica.pl/teksty/parafie.php?n=100598"
"Parafia Zwiastowania Najświętszej Maryi Panny","Witków Śląski  86, 58-379 Czarny Bór","","","74/8450260","OSPA Janusz","8:00, 10:00, 12:00","17:00 (porządek zimowy: 9:00, 17:00)","http://www.diecezja.legnica.pl/teksty/parafie.php?n=100392"
"Parafia św. Mikołaja","59-610 Wleń, ul. Dworcowa 14","","","75/7136077","MADEJ Krzysztof","7:30, 11:15, 17:00","19:00 (porządek zimowy 17:00)","http://www.diecezja.legnica.pl/teksty/parafie.php?n=100477"
"Parafia św. Michała Archanioła","59-600 Włodzice Wielkie  34","www.mikolajwlen.pl","parafia@mikolajwlen.pl","75/7841179","LESZCZYŃSKI Janusz","10:30","7:00, 17:00","http://www.diecezja.legnica.pl/teksty/parafie.php?n=100502"
"Parafia Wniebowzięcia Najświętszej Maryi Panny","Dąbrowica  21, 58-500 Jelenia Góra","","","75/7130191","SPELAK Andrzej","8:00 (porządek zimowy: 12:30)","15:30","http://www.diecezja.legnica.pl/teksty/parafie.php?n=100365"
"Parafia św. Bartłomieja Apostoła","Wojciechów  50, 59-623 Lubomierz","parafiawojanow.pl","","75/7833595","MISIUREK Jan","10:30","18:00 (porządek zimowy: 16:00)","http://www.diecezja.legnica.pl/teksty/parafie.php?n=100478"
"Parafia MB Królowej Polski","59-550 Wojcieszów, ul. Bolesława Chrobrego 74","","","75/7512327","DUBLAŃSKI Robert","8:00, 10:00, 18:00 (porządek zimowy: 17:00)","7:00, 18:00 (porządek zimowy: 17:00)","http://www.diecezja.legnica.pl/teksty/parafie.php?n=100553"
"Parafia Wniebowzięcia NMP","58-550 Wojcieszów, ul. Bolesława Chrobrego 201","www.mbkp.parafia.info.pl/","mbkp@parafia.info.pl","75/7512296","HERBUT Zygmunt","8:00, 11:30, 18:00","18:00 (porządek zimowy: 17:00)","http://www.diecezja.legnica.pl/teksty/parafie.php?n=100554"
"Parafia św. Barbary","Wojcieszyce  165 a, 58-560 Jelenia Góra 9","wojcieszow.parafialnastrona.pl","zygher@wp.pl","75/7551101","MIKICIONEK Marek","9:00, 11:00","18:00 (porządek zimowy: 17:00)","http://www.diecezja.legnica.pl/teksty/parafie.php?n=100549"
"Parafia św. Michała Archanioła i św. Anny","Wykroty, ul. 22 Lipca 25, 59-730 Nowogrodziec ","","","75/7360178","STĘPNIAK Władysław","8:00, 11:30","19:00 (sobota 18:00)","http://www.diecezja.legnica.pl/teksty/parafie.php?n=100578"
"Parafia Matki Boskiej Nieustającej Pomocy i Chrystusa Króla","59-516 Zagrodno  172","","","76/8773318","ZOŃ Roman","8:00, 12:00, (raz w miesiącu dodatkowo 16:00)","7:00, 17:00","http://www.diecezja.legnica.pl/teksty/parafie.php?n=100599"
"Parafia Wniebowzięcia Najświętszej Maryi Panny","59-817 Zaręba, ul. Jana Pawła II 8","","","75/7221893","CHORĄŻYCZEWSKI Piotr","","7:15, 18:00 (porządek zimowy: 7:15, 17:00)","http://www.diecezja.legnica.pl/teksty/parafie.php?n=100442"
"Parafia św. Józefa Robotnika","59-970 Zawidów, ul. Jana Pawła II 24","www.zareba.legnica.opoka.org.pl","zareba@legnica.opoka.org.pl","75/7788209","KRASOŃ Jacek","10:00","7:00, 18:00","http://www.diecezja.legnica.pl/teksty/parafie.php?n=100430"
"Parafia Wniebowzięcia NMP","59-605 Zbylutów  128","swjozefa-zawidow.legnica.opoka.org.pl","parafia_zawidow@legnica.opoka.org.pl","75/7843070","NEWECKI Przemysław","7:00, 12:00","7:30, 18:00","http://www.diecezja.legnica.pl/teksty/parafie.php?n=100479"
"Parafia  Świętego Krzyża","59-731 Zebrzydowa  63","","","75/7363360","OGAZA Wilhelm","8:00, 11:00","18:00","http://www.diecezja.legnica.pl/teksty/parafie.php?n=100507"
"Parafia św. Bonifacego","59-900 Zgorzelec, ul. Emilii Plater 9","","","75/7752335","WESOŁOWSKI Maciej","","","http://www.diecezja.legnica.pl/teksty/parafie.php?n=100588"
"Parafia św. Jadwigi Śląskiej","Zgorzelec, ul. Plac Jana Pawła II 1, 59-900 Zgorzelec 4","www.zgorzelecbonifacy.parafialnastrona.pl/","bonifacyzgc@wp.pl","75/7752451","KUŁYNA Jan","8:30, 11:00, 12:30, 18:00","6:45, 18:00","http://www.diecezja.legnica.pl/teksty/parafie.php?n=100589"
"Parafia św. Jana Chrzciciela","59-901 Zgorzelec, ul. Grunwaldzka 2","jadwiga.com.pl","parafiajadwiga@wp.pl","75/7758161","OLEKSY Marian","7:00, 9:00, 10:30, 12:00, 18:30","6:45, 18:00, w Tylicach (piatek) 17:00","http://www.diecezja.legnica.pl/teksty/parafie.php?n=100590"
"Parafia św. Józefa Robotnika","59-900 Zgorzelec, ul. ks. Kozaka 2","www.janchrzcicielzg.parafia.info.pl/","jchrzciciel.parafia@o2.pl","75/7756373","PIETKUN Kazimierz","7:00, 8:00, 9:30, 11:00, 12:30, 18:00","7:00, 18:00","http://www.diecezja.legnica.pl/teksty/parafie.php?n=100591"
"Parafia Matki Bożej Łaskawej","59-900 Zgorzelec, pl.Najśw.Maryi Panny 1","","jozef@zgorzelec.info","75/6120625","LEWANDOWSKI Sławomir","","","http://www.diecezja.legnica.pl/teksty/parafie.php?n=100592"
"Parafia Trójcy Świętej","Zimna Woda  57, 59-300 Lubin","www.mblzgorzelec.pl/","","76/8418679","TOMASZEWSKI Andrzej","","","http://www.diecezja.legnica.pl/teksty/parafie.php?n=100564"
"Parafia św. Jadwigi Śląskiej","59-500 Złotoryja, ul. Klasztorna 18","","","76/8783868","O. KOCZOR Bogdan","","","http://www.diecezja.legnica.pl/teksty/parafie.php?n=100600"
"Parafia Narodzenia Najświętszej Maryi Panny","59-500 Złotoryja, ul. Chopina 1a","www.franciszkanie-zlotoryja.pl/","","76/8787879","ŚMIGIELSKI Stanisław","7:30, 9:30, 11:00, 12:30, 15:00, 18:00","6:30, 18:00","http://www.diecezja.legnica.pl/teksty/parafie.php?n=100601"
"Parafia św. Józefa Robotnika","59-500 Złotoryja, ul. Broniewskiego 24a","www.sanktuarium-zlotoryja.pl/","","76/8775566","CZYŻ Krzysztof","","","http://www.diecezja.legnica.pl/teksty/parafie.php?n=101129"
"Parafia Matki Bożej Wspomożenia Wiernych","Żarska Wieś 51  , 59-900 Zgorzelec","zlotoryjajozef.pl","kricz@onet.pl","75/7210345","ALBIN Rodryg","11:30","18:00 (oprócz wtorków)","http://www.diecezja.legnica.pl/teksty/parafie.php?n=101221"
"Parafia św. Barbary","  -      ","","","","","8:00, 12:00","17:30 (porządek zimowy: 16:00)","http://www.diecezja.legnica.pl/teksty/parafie.php?n=100525"
"Parafia św. Jana Nepomucena","Żeliszów  116, 59-700 Bolesławiec","","","75/7843399","GLAPA Romuald","9:00, 12:00","18:00 (porządek zimowy: 16:00)","http://www.diecezja.legnica.pl/teksty/parafie.php?n=100272"
