"name","address","www","email","phone","rector","sun","week","fest","url"
"Parafia pw. św. Jakuba Większego","ul. Kościelna 4","","ksedmund@wp.pl","52/383.20.39","ks. Edmund NAPIERAŁA","7.30, 9.00, 10.30, 18.00","8.00, 18.00","8.00, 10.00, 18.00","http://www.archidiecezja.pl/parafie/dekanaty/dekanat_barcinski/barcin_par._pw._sw._jakuba_wiekszego.html"
"Parafia pw. św. Maksymiliana Marii Kolbego","88‑190 Barcin, ul. Mogileńska 7","","","52/383.25.11","ks. Bronisław WIŚNIEWSKI","7.00, 9.00, 10.30, 12.00, 17.30","7.00, 17.30","7.00, 9.00, 17.30","http://www.archidiecezja.pl/parafie/dekanaty/dekanat_barcinski/barcin_par._pw._sw._maksymilina_marii_kolbego.html"
"Parafia pw. św. Mikołaja","62-300 Września , Bardo 10","www.bardo-wrzesnia.pl/","","61/438.12.96","ks. Stanisław TRZEPKOWSKI","9.00, 11.00","czas letni: 17.00; czas zimowy: 18.00","9.00, 18.00","http://www.archidiecezja.pl/parafie/dekanaty/dekanat_wrzesinski_i/bardo_par._pw._sw._mikolaja.html"
"Parafia pw. św. Tymoteusza","62‑095 Murowana Goślina, Białężyn 47","","","61/812.24.31","ks. Tomasz NAWROCKI","Pacholewo: 8.45; Uchorowo: 10.00; Białężyn: 11.15","czas letni: 18.00; czas zimowy: 17.00","Pacholewo: 16.00; Uchorowo: 17.00; Białężyn: 18.00","http://www.archidiecezja.pl/parafie/dekanaty/dekanat_goslinski/bialezyn_par._pw._sw._tymoteusza.html"
"Parafia pw. Narodzenia NMP","Sanktuarium Matki Bożej Pocieszenia, 62-320 Miłosław, Biechowo 12","","","61/438.28.87","o. Józef STĘPIEŃ OSPPE","8.30, 11.00, 16.00","czas letni: 18.00; czas zimowy: 17.00","8.00, 17.00/18.00","http://www.archidiecezja.pl/parafie/dekanaty/dekanat_miloslawski/biechowo_par._pw._narodzenia_nmp.html"
"Parafia pw. Świętego Krzyża","62-305 Sokolniki , Bieganowo 14","","","61/438.59.87","ks. Mariusz WIŚNIEWSKI","8.00, 11.30","","","http://www.archidiecezja.pl/parafie/dekanaty/dekanat_wrzesinski_ii/bieganowo_par._pw._swietego_krzyza.html"
"Parafia pw. św. Michała Archanioła","88‑133 Dąbrowa Biskupia, Brudnia 6","","","52/351.21.83","ks. Paweł BŁOCH","7.30, 9.30, 11.00","17.30","17.30","http://www.archidiecezja.pl/parafie/dekanaty/dekanat_gniewkowski/brudnia_par._pw._sw._michala_archaniola.html"
"Parafia pw. św. Marii Magdaleny","62-420 Strzałkowo, Brudzewo 35","","","63/275.91.29","ks. Tomasz GŁUSZAK","9.00, 11.00","czas letni: 18.00; czas zimowy: 17.00","9.00, 18.00","http://www.archidiecezja.pl/parafie/dekanaty/dekanat_strzalkowski/brudzewo_par._pw._sw._marii_magdaleny.html"
"Parafia pw. św. Wojciecha","88-121 Chełmce , Brześć n. Gopłem","","","52/351.66.79","ks. Jerzy RAFALONT","8.30, 11.30; kaplica w Rzeczycy: 14.00","","","http://www.archidiecezja.pl/parafie/dekanaty/dekanat_kruszwicki/brzesc_n._goplem_par._pw._sw._wojciecha.html"
"Parafia pw. św. Katarzyny Aleksandryjskiej","88-400 Żnin , Brzyskorzystew 26","","","52/302.47.13","ks. Tomasz LATANOWICZ","8.15, 11.00; Sobiejuchy: 9.30","","","http://www.archidiecezja.pl/parafie/dekanaty/dekanat_zninski/brzyskorzystew_par._pw._sw._katarzyny_aleksandryjskiej.html"
"Parafia pw. św. Wojciecha","62-150 Mieścisko, ul. Kościelna 1","","","61/427.80.08",":","10.00","","","http://www.archidiecezja.pl/parafie/dekanaty/dekanat_klecki/budziejewko_par._pw._sw._wojciecha.html"
"Parafia pw. św. Jakuba Ap.","64‑612 Budziszewko 17,","","","67/261.91.06","ks. Grzegorz KULIŃSKI","8.00, 12.00; Studzieniec: 10.00","18.00","Studzieniec: 16.30; Budziszewko: 18.00","http://www.archidiecezja.pl/parafie/dekanaty/dekanat_rogozinski/budzieszewko_par._pw._sw._jakuba_ap..html"
"Parafia pw. Wniebowzięcia NMP","62-541 Budzisław Kościelny, ul. Wilczyńska 6","","dabrowskirom@wp.pl","63/268.10.26","ks. Roman DĄBROWSKI","8.30, 11.30, 17.00","7.30; w piątki: 18.00; październik-kwiecień: 16.00","8.30, 18.00; październik-kwiecień: 8.30, 16.00","http://www.archidiecezja.pl/parafie/dekanaty/dekanat_kleczewski/budzislaw_koscielny_par._pw._wniebowziecia_nmp.html"
"Parafia pw. św. Barbary","64‑840 Budzyń, ul. ks. Struka 4","","","67/284.32.25","ks. Marek PIOSIK","7.300, 9.00, 11.00, 18.00; Sokołowo Budzyńskie: 10.00","czas letni: 18.00, 18.30","7.00, 11.00, 18.00","http://www.archidiecezja.pl/parafie/dekanaty/dekanat_chodzieski/budzyn_par._pw._sw._barbary.html"
"Parafia pw. św. Mikołaja","88-400 Żnin , Cerekwica","","","52/302.02.57","ks. Grzegorz ROSIŃSKI","8.30, 11.00","18.00","","http://www.archidiecezja.pl/parafie/dekanaty/dekanat_zninski/cerekwica_par._pw._sw._mikolaja.html"
"Parafia pw. św. Katarzyny Aleksandryjskiej","88-121 Chełmce, Chełmce 94","","","52/351.68.29","ks. Bronisław HANIEWICZ","8.30, 10.00, 11.30","czas letni: 18.00; czas zimowy: 17.00","10.00, 17.00","http://www.archidiecezja.pl/parafie/dekanaty/dekanat_kruszwicki/chelmce_par._pw._sw._katarzyny.html"
"Parafia pw. Świętej Tr&oacute;jcy","Chlewiska, 88-133 Dąbrowa Biskupia","","","52/351.21.82","ks. Andrzej LEPPERT","8.00, 10.00, 11.30","","","http://www.archidiecezja.pl/parafie/dekanaty/dekanat_inowroclawski_ii/chlewiska_par._pw._swietej_trojcy.html"
"Parafia pw. Nawiedzenia NMP","64‑800 Chodzież, ul. ks. kan. Jana Ksyckiego 2","parafia.chodziez.pl/","chodziez@neostrada.pl","67/282.97.41","ks. Arkadiusz ROSIŃSKI","8.00, 9.30, 11.15, 12.30, 16.00; Pietronki: 9.00;","8.00, 17.30, 18.30","8.00, 11.00, 17.30, 18.30","http://www.archidiecezja.pl/parafie/dekanaty/dekanat_chodzieski/chodziez_par._pw._nawiedzenia_nmp.html"
"Parafia pw. św. Floriana","64‑800 Chodzież, ul. Kościelna 8","florianchodziez.pl/","florianchodziez@neostrada.pl","67/282.73.82","ks. Ireneusz SZYPURA","7.00, 8.30, 10.00, 11.15, 12.30, 15.00, 17.00, 19.00","7.00, 8.00, 18.30","7.00, 8.30, 10.00, 16.00, 17.00, 19.00","http://www.archidiecezja.pl/parafie/dekanaty/dekanat_chodzieski/chodziez_par._pw._sw._floriana.html"
"Parafia pw. św. Jana Chrzciciela","88-410 Gąsawa , Chomiąża Szlachecka","","parafia@mac.com","52/560.26.46","ks. Jerzy POZNAŃ","9.00, 11.00","czas letni: 18.00; czas zimowy: 17.00","9.00, 18.00","http://www.archidiecezja.pl/parafie/dekanaty/dekanat_zninski/chomiaza_szlachecka_par._pw._sw._jana_chrzciciela.html"
"Parafia pw. św. Jana Chrzciciela","62-404 Ciążeń, ul. Wolności 1","","","63/276.41.10","ks. Mieczysław STACHOWICZ","8.00, 9.40, 11.30","czas letni: 18.00; czas zimowy: 17.00","9.40, 18.00; czas zimowy: 17.00","http://www.archidiecezja.pl/parafie/dekanaty/dekanat_slupecki/ciazen_par._pw._sw._jana_chrzciciela.html"
"Parafia pw. św. Katarzyny Aleksandryjskiej","62‑400 Słupca, Cienin Kościelny ","","katarzynyaleks@onet.eu","63/277.20.08","ks. Marian Adam SKIBIŃSKI","7.30, 9.00, 11.00; lipiec-sierpień: 7.00","17.00; środa: 7.30","9.00, 17.00","http://www.archidiecezja.pl/parafie/dekanaty/dekanat_golinski/cienin_koscielny_par._pw._sw._katarzyny_aleksandryjskiej.html"
"Parafia pw. św. Jana Chrzciciela","62-250 Czerniejewo, Pl. Ks. Onufrego Kopczyńskiego 7","www.parafia-czerniejewo.pl/","","61/427.30.36","ks. Adam KAPKA","8.00, 10.00, 11.30, 16.00","","8.00, 10.00, 16.00, 18.00","http://www.archidiecezja.pl/parafie/dekanaty/dekanat_wrzesinski_i/czerniejewo_par._pw._sw._jana_chrzciciela.html"
"Parafia pw. św. Mikołaja","ul. Szkolna 2, Czeszewo","","","61/438.29.87","ks. Mirosław STAWICKI","8.00, 9.30, 11.00","","","http://www.archidiecezja.pl/parafie/dekanaty/dekanat_miloslawski/czeszewo_n._warta_par._pw._sw._mikolaja.html"
"Parafia pw. św. Wawrzyńca","88-420 Rogowo , Czewujewo","","","52/302.44.29","ks. Bogdan WOLDAŃSKI","8.00, 10.30","czas letni: 18.00; czas zimowy: 16.00","8.00, 10.30, czas letni: 18.00; czas zimowy: 16.00","http://www.archidiecezja.pl/parafie/dekanaty/dekanat_rogowski/czewujewo_par._pw._sw._wawrzynca.html"
"Parafia pw. św. Stanisława BM","62‑110 Damasławek, ul. Kościelna 4","","ks.andrzej.stefanski@neostrada.pl","67/268.61.36","ks. Andrzej STEFAŃSKI","7.30, 9.00, 11.00, 18.00/17.00","czas letni: 7.30, 18.00; czas zimowy: 7.30, 17.00","7.30, 11.00, 18.00/17.00","http://www.archidiecezja.pl/parafie/dekanaty/dekanat_damaslawski/damaslawek_par._pw._sw._stanislawa_bm.html"
"Parafia pw. NMP Kr&oacute;lowej Polski","88-306 Dąbrowa, Al. Lipowa 3","www.nmpkp.prv.pl","nmpkp@interia.pl","52/315.32.81","ks. Mirosław KACZMAREK","9.00, 11.00","czas letni: 18.00; czas zimowy: 17.00","11.00, 18.00/17.00","http://www.archidiecezja.pl/parafie/dekanaty/dekanat_mogilenski/dabrowa_par._pw._nmp_krolowej_polski.html"
"Parafia pw. MB Kr&oacute;lowej Polski","86-060 Nowa Wieś Wielka, Dąbrowy Wielkie ","","","52/381.23.10",":","11.00","","","http://www.archidiecezja.pl/parafie/dekanaty/dekanat_zlotnicki/dabrowy_wielkie_par._pw._mb_krolowej_polski.html"
"Parafia pw. NMP Wniebowziętej","Sanktuarium Matki Pocieszenia, 62-280 Kiszkowo, Dąbr&oacute;wka Kościelna 29","","","061/427.63.85","ks. Andrzej KACZMAREK","8.30, 11.00","18.00","11.00, 18.00","http://www.archidiecezja.pl/parafie/dekanaty/dekanat_kiszkowski/dabrowka_koscielna_par._pw._nmp_wniebowzietej.html"
"Parafia pw. św. Mikołaja i św. Jadwigi","62-271 Działyń, Dębnica 34","","","61/427.96.21","ks. Zdzisław FIRLEJ","7.30, 9.00; Działyń: sobota: czas letni: 18.00; czas zimowy: 17.00, niedziela: 10.45","czas letni: 18.00; czas zimowy: 17.00; Działyń: środa: 9.00","10.00, 16.00","http://www.archidiecezja.pl/parafie/dekanaty/dekanat_klecki/debnica_par._pw._sw._mikolaja_i_sw._jadwigi.html"
"Parafia pw. św. Marii Magdaleny","62‑097 Długa Goślina 24 ","","kspiotr@poczta.fm","61/892.12.01","ks. Piotr SKOCZYLAS","8.00, 11.30; filia: 9.30","18.00","filia: 17.30; kości&oacute;ł parafialny: 19.00","http://www.archidiecezja.pl/parafie/dekanaty/dekanat_goslinski/dluga_goslina_par._pw._sw._marii_magdaleny.html"
"Parafia pw. św. Jakuba Ap.","62-530 Kazimierz Biskupi, Dobrosołowo 80","","","63/241.29.22","ks. Dariusz MACIOSZEK","8.00, 10.00, 12.00","czas letni: 18.00; czas zimowy: 16.00","10.00, 16.00/18.00","http://www.archidiecezja.pl/parafie/dekanaty/dekanat_kleczewski/dobrosolowo_par._pw._sw._jakuba_ap..html"
"Parafia pw. św. Doroty","62-238 Wydartowo, Duszno 2","","","61/415.68.49","ks. Grzegorz PORZECKI","8.00, 11.00","czas letni: 18.00; czas zimowy: 17.00","18.00","http://www.archidiecezja.pl/parafie/dekanaty/dekanat_trzemeszenski/duszno_par._pw._sw._doroty.html"
"Parafia pw. św. Marcina","62-261 Lednog&oacute;ra, Dziekanowice 50 ","","","61/427.47.88","ks. Sławomir KOZIK","8.00, 9.30; Lednog&oacute;ra: 11.00","17.30","10.00, 16.00; Lednog&oacute;ra: 17.30","http://www.archidiecezja.pl/parafie/dekanaty/dekanat_pobiedziski/dziekanowice_par._pw._sw._marcina.html"
"Parafia pw. św. Katarzyny","88-180 Złotniki Kujawskie , Dźwierzchno","","","52/564.27.97","ks. Krzysztof SZYDŁOWSKI","9.00, 11.00","czas letni: 18.00; czas zimowy: 15.30","9.00, czas letni: 18.00; czas zimowy: 15.30","http://www.archidiecezja.pl/parafie/dekanaty/dekanat_zlotnicki/dzwierzchno_par._pw._sw._katarzyny.html"
"Parafia pw. św. Mikołaja","88-410 Gąsawa, ul. Żnińska 1","www.mikolaj-gasawa.net/00menu/menu.html","","52/302.50.30","ks. Piotr GOGOLEWSKI","7.15, 9.30, 11.00, czas letni: 18.00; czas zimowy: 16.00","czas letni: 7.00, 18.00; czas zimowy: 7.00, 17.00","6.15, 9.30, 16.00, 18.00","http://www.archidiecezja.pl/parafie/dekanaty/dekanat_zninski/gasawa_par._pw._sw._mikolaja.html"
"Parafia pw. Chrystusa Kr&oacute;la","88‑140 Gniewkowo, Gąski 63a","","","52/351.27.84","ks. Eugeniusz KUBERKA","8.00, 9.00, 11.00","czas letni: 18.00/19.00; czas zimowy: 16.00","9.00, 16.00/18.00","http://www.archidiecezja.pl/parafie/dekanaty/dekanat_gniewkowski/gaski_par._pw._chrystusa_krola.html"
"Parafia pw. św. Mateusza Ap. i Ew.","88-330 Gębice, ul. Ks. Greinerta 6","","","52/315.04.18","ks. Stanisław SIUCHNIŃSKI","8.00, 9.30, 11.00, 17.00","9.00, 18.00","9.00, 16.30, 18.00","http://www.archidiecezja.pl/parafie/dekanaty/dekanat_trzemeszenski/gebice_par._pw._sw._mateusza_ap._i_ew..html"
"Parafia pw. Podwyższenia Krzyża Świętego","62-402 Giewart&oacute;w, ul. Parkowa 2","","","63/276.61.21","ks. Marek BARLAK","7.30, 9.30, 11.30","17.00","9.30, 17.00","http://www.archidiecezja.pl/parafie/dekanaty/dekanat_slupecki/giewartow_par._pw._podwyzszenia_krzyza_swietego.html"
"Parafia pw. Najświętszego Serca Pana Jezusa","88‑140 Gniewkowo , ul. Sobieskiego 31","","sercegniewkowo@wp.pl","52/351.01.64","ks. Jerzy NOWAK","7.00, 8.30, 10.00, 11.30, 18.00","7.30, 18.00","7.30, 9.30, 16.30, 18.00","http://www.archidiecezja.pl/parafie/dekanaty/dekanat_gniewkowski/gniewkowo_par._pw._najswietszego_serca_pana_jezusa.html"
"Parafia pw. św. Mikołaja i św. Konstancji","88‑140 Gniewkowo, ul. Kościelna 2","","","52/351.07.55","ks. Tadeusz KRZYMIŃSKI","7.30, 9.00, 10.30, 12.00, 18.00","7.30, 18.00","7.30, 9.00, 10.30, 18.00","http://www.archidiecezja.pl/parafie/dekanaty/dekanat_gniewkowski/gniewkowo_par._pw._sw._mikolaja_i_sw._konstancji.html"
"Parafia przy Bazylice Prymasowskiej","Sanktuarium św. Wojciecha, 62‑200 Gniezno, ul. Jana Łaskiego 9","","","biuro 61/428.40.80","ks. Jan KASPROWICZ","7.00, 9.00, 10.15 (konwentualna), 12.00, 15.00, 18.00; kaplica pw. św. Floriana we wsi Obora: 10.30, kości&oacute;ł pw. św. Piotra i Pawła: 11.00","6.30, 12.00, 18.00; kości&oacute;ł pw. św. Piotra i Pawła: 7.30","7.00, 12.00, 16.30, 18.00; kości&oacute;ł pw. św. Piotra i Pawła: 7.30; kaplica pw. św. Floriana we wsi Obora: 16.00","http://www.archidiecezja.pl/parafie/dekanaty/dekanat_gnieznienski_i/gniezno_par._przy_bazylice_prymasowskiej_pw._wniebowziecia_nmp.html"
"Parafia pw. bł. Bogumiła","62‑200 Gniezno , ul. Cicha 3 ","","bogumilgniezno@gmail.com","61/426.56.30","ks. Krzysztof WALKOWSKI","7.00, 8.30, 10.00, 11.15, 12.30, 16.00, 18.00","7.00, 8.00, 17.30, 18.30","7.00, 8.30, 10.00, 16.00, 18.30","http://www.archidiecezja.pl/parafie/dekanaty/dekanat_gnieznienski_ii/gniezno_par._pw._bl._bogumila.html"
"Parafia pw. bł. Jolenty","62‑200 Gniezno, ul. Wierzbiczany 10","www.jolenta.pl/","jolent@gniezno.opoka.org.pl","61/428.19.28","ks. Ryszard BALIK","7.00, 8.00, 9.30, 11.00, 12.15, 18.00;","8.30, 18.00","8.00, 10.00, 17.00, 18.00","http://www.archidiecezja.pl/parafie/dekanaty/dekanat_gnieznienski_ii/gniezno_par._pw._bl._jolenty.html"
"Parafia pw. bł. Michała Kozala BM","62‑200 Gniezno, ul. E. Orzeszkowej 22d, / 61/426.27.49, e-mail:","","parafia@kozalgniezno.pl","/fax 61/426.27.49","ks. Krzysztof STANULA CSMA","7.30, 9.30, 11.00, 14.00, 18.00","7.00, 18.00","7.00, 10.30, 17.00, 18.00","http://www.archidiecezja.pl/parafie/dekanaty/dekanat_gnieznienski_i/gniezno_par._pw._bl._michala_kozala_bm.html"
"Parafia pw. bł. Radzyma Gaudentego","62‑200 Gniezno, Plac im. ks. kan. Zbigniewa Kapturczaka 1","www.radzym.pl/","blazej-60@o2.pl","61/426.66.33","ks. Andrzej SZCZĘSNY","7.00, 8.30, 10.00, 11.30, 13.00,15.00, 18.00;","7.00, 18.00","7.00, 10.00, 16.30, 18.00","http://www.archidiecezja.pl/parafie/dekanaty/dekanat_gnieznienski_ii/gniezno_par._pw._bl._radzyma_gaudentego.html"
"Parafia pw. Chrystusa Wieczystego Kapłana","62‑200 Gniezno, ul. 28 Grudnia 12","","andrzejgrzelak@wp.pl","61/426.11.64","ks. Andrzej GRZELAK","7.00, 8.30, 10.00, 11.15, 12.30, 18.00","7.00, 18.00","7.00, 8.30, 16.30, 18.00","http://www.archidiecezja.pl/parafie/dekanaty/dekanat_gnieznienski_i/gniezno_par._pw._chrystusa_wieczystego_kaplana.html"
"Parafia pw. Matki Zbawiciela","62‑200 Gniezno , ul. ks. Ludwiczaka 20","parafiadalki.pl/","kmrozek@box43.pl","61/425.98.96","ks. Konstanty MROZEK","8.00, 9.30, 11.00, 17.00; lipiec-sierpień: 8.00, 9.30, 11.00","poniedziałki, środy, piątki, soboty: 8.00, 18.00; wtorki, czwartki: 17.00, 18.00;","8.00, 10.00, 18.00","http://www.archidiecezja.pl/parafie/dekanaty/dekanat_gnieznienski_i/gniezno_par._pw._matki_zbawiciela.html"
"Parafia pw. MB Miłosierdzia","62‑200 Gniezno, ul. Graniczna 19","","","61/425.60.08","ks. Piotr DWOREK","7.30, 9.00, 11.00, 17.00","17.00, 18.00","9.00, 17.00, 18.00","http://www.archidiecezja.pl/parafie/dekanaty/dekanat_gnieznienski_i/gniezno_par._pw._mb_milosierdzia.html"
"Parafia pw. NMP Kr&oacute;lowej Polski - Wojskowa","","","","61/426.15.30","ks. ppłk. Piotrowi GIBASIEWICZ","9.00, 10.00; Witkowo: 16.00","7.30, 17.00","7.30, 9.00, 17.00","http://www.archidiecezja.pl/parafie/dekanaty/dekanat_gnieznienski_i/gniezno_par._pw._nmp_krolowej_polski__wojskowa.html"
"Parafia pw. św. Maksymiliana Kolbego","62‑200 Gniezno, ul. Kwiatowa 7","www.maksymiliankolbe.pl/","ksoj@poczta.onet.pl","61/426.48.54,","ks. Jacek ORLIK","8.00, 9.30, 11.00, 12.30, 18.00; maj-wrzesień: 20.00","9.00, 18.00; maj: 20.00","8.00, 9.30, 11.00, 18.00","http://www.archidiecezja.pl/parafie/dekanaty/dekanat_gnieznienski_ii/gniezno_par._pw._sw._maksymiliana_kolbego.html"
"Parafia pw. św. Michała Archanioła","62‑200 Gniezno, ul. św. Michała 1 ","www.michalarchaniol.pl/","","61/426.15.51","ks. Waldemar RADECKI","8.00, 10.00, 11.30, 13.00, 17.00","8.00, 17.00","8.00, 10.00, 17.00","http://www.archidiecezja.pl/parafie/dekanaty/dekanat_gnieznienski_ii/gniezno_par._pw._sw._michala_archaniola.html"
"Parafia pw. św. Wawrzyńca","62‑200 Gniezno , ul. św. Wawrzyńca 8","www.wawrzyniecgniezno.pl/","sacerdos02@gmail.com","61/426.15.57","ks. Jan SZREJTER","7.30, 9.00, 10.15, 11.30, 12.30, 19.00","7.30, 8.00, 17.30, 18.00, 18.30","","http://www.archidiecezja.pl/parafie/dekanaty/dekanat_gnieznienski_i/gniezno_par._pw._sw._wawrzynca.html"
"Parafia pw. Świętej Tr&oacute;jcy - Fara","62‑200 Gniezno, ul. Farna 6","www.fara.gniezno.pl/","maciejl@autograf.pl","61/426.15.55","ks. Maciej LISIECKI","7.00, 8.30, 10.00, 11.15, 12.30, 18.30","7.00, 18.30","","http://www.archidiecezja.pl/parafie/dekanaty/dekanat_gnieznienski_i/gniezno_par._pw._swietej_trojcy__fara.html"
"Parafia pw. Wniebowzięcia NMP ","Sanktuarium Pani Gniezna, 62‑200 Gniezno, ul. Franciszkańska 12","","","61 424 19 27","o. Jacek KORSAK OFM Conv","7.00, 8.30, 10.00 (suma), 11.30 (dla dzieci), 16.00, 18.00","6.30, 8.00 (tylko w czwartki z nabożeństwem do Pani Gniezna), 9.00, 16.30 (w I piątki miesiąca i święta zniesione), 18.00","","http://www.archidiecezja.pl/parafie/dekanaty/dekanat_gnieznienski_i/gniezno_par._pw._wniebowziecia_nmp.html"
"Parafia pw. MB Szkaplerznej","62‑590 Golina, ul. Wolności 2a, / kancelarii i proboszcza: 63/241.80.14","parafiagolina.xorg.pl/joomla/","","/fax kancelarii i proboszcza: 63/241.80.14","a: 63/241.80.14","7.30, 9.30, 11.30, 16.00, 18.00","7.00, 18.00","","http://www.archidiecezja.pl/parafie/dekanaty/dekanat_golinski/golina_par._pw._mb_szkaplerznej.html"
"Parafia pw. św. Stanisława Bp.","62-291 Gołaszewo 44","","","61/427.81.38","ks. Tomasz ŁAJCA","9.00, 11.00","18.00","18.00","http://www.archidiecezja.pl/parafie/dekanaty/dekanat_klecki/golaszewo_par._pw._sw._stanislawa_bp..html"
"Parafia pw. Wszystkich Świętych i św. Rocha","88-400 Żnin","","","","ks. Piotr Jan RUSIN","8.00, 10.30","czas letni: 17.00; czas zimowy: 16.00","10.30, 17.00","http://www.archidiecezja.pl/parafie/dekanaty/dekanat_zninski/gorzyce_par._pw._wszystkich_swietych_i_sw._rocha.html"
"Parafia pw. MB Kr&oacute;lowej Polski","62-425 Witkowo, Gorzykowo","","","61/477.57.27","ks. Piotr KUNICKI","8.30, 11.00","czas letni: 19.00; czas zimowy: 17.00","9.00, 19.00 lub 17.00","http://www.archidiecezja.pl/parafie/dekanaty/dekanat_witkowski/gorzykowo_par._pw._mb_krolowej_polski.html"
"Parafia pw. Nawiedzenia NMP","88-420 Gościeszyn, Gościeszyn 1","www.parafiagoscieszyn.pl/","","52/302.49.09","ks. Henryk SAWIŃSKI","8.30, 11.00","czas letni: 18.30; czas zimowy: 18.00","9.00, 18.00","http://www.archidiecezja.pl/parafie/dekanaty/dekanat_rogowski/goscieszyn_par._pw._nawiedzenia_nmp.html"
"Parafia pw. św. Filipa i Jakuba","62-300 Września , Gozdowo 62","","","697.050.080","ks. Dariusz NOWACZYŃSKI","9.00, 11.00","czas letni: 18.30; czas zimowy: 17.00","","http://www.archidiecezja.pl/parafie/dekanaty/dekanat_wrzesinski_ii/gozdowo_par._pw._sw._filipa_i_jakuba.html"
"Parafia pw. Świętej Tr&oacute;jcy","88-101 Inowrocław , G&oacute;ra 22","","","52/353.75.09","ks. Krzysztof ANDRZEJEWSKI","8.00, 10.00, 11.15","","","http://www.archidiecezja.pl/parafie/dekanaty/dekanat_inowroclawski_ii/gora_par._pw._swietej_trojcy.html"
"Parafia pw. św. Katarzyny Aleksandryjskiej","62-586 Rzg&oacute;w , Grabienice 5","","","63/241.90.73","ks. Stanisław Wojciech MANIOS","8.15, 10.00, 11.30","czas letni: 17.00; czas zimowy: 16.00","10.00, 11.30","http://www.archidiecezja.pl/parafie/dekanaty/dekanat_zagorowski/grabienice_par._pw._sw._katarzyny_aleksandryjskiej.html"
"Parafia pw. św. Małgorzaty","62-420 Strzałkowo , Graboszewo 9","","","63/275.02.12","ks. Grzegorz KWAŚNIEWSKI","8.30, 11.00","czas letni: 18.30; czas zimowy: 17.00","9.00, 17.00","http://www.archidiecezja.pl/parafie/dekanaty/dekanat_strzalkowski/graboszewo_par._pw._sw._malgorzaty.html"
"Parafia pw. Najświętszego Serca Pana Jezusa","62-306 Kołaczkowo , Grabowo Kr&oacute;lewskie 40","","","61/438.50.22","ks. Paweł LEWANDOWSKI","8.00, 11.30","czas letni: 17.00, czas zimowy: 17.00/8.00","17.00/8.00","http://www.archidiecezja.pl/parafie/dekanaty/dekanat_miloslawski/grabowo_krolewskie_par._pw._najswietszego_serca_pana_jezusa.html"
"Parafia pw. św. Katarzyny Aleksandryjskiej","62‑100 Wągrowiec, Grylewo 22","","michjoz@wp.pl","67/261.27.26","ks. Michał JÓŹWIAK","8.30, 11.00","18.00","","http://www.archidiecezja.pl/parafie/dekanaty/dekanat_wagrowiecki/grylewo_par._pw._sw._katarzyny_aleksandryjskiej.html"
"Parafia pw. św. Michała Archanioła","62-300 Września, Grzybowo 34","www.parafia.grzybowo.org/index.html","","61/438.16.91","ks. Rafał WOJTCZAK","8.30, 10.00, 11.15","czas letni: 18.00; czas zimowy: 17.00","18.00","http://www.archidiecezja.pl/parafie/dekanaty/dekanat_wrzesinski_i/grzybowo_par._pw._sw._michala_archaniola.html"
"Parafia pw. Narodzenia NMP","e-mail:, Proboszcz, ks. Andrzej SZYNDLER, , Święto patronalne: ","","parnarodzenianmp@gniezno.opoka.org.pl","061/427.48.84","ks. Andrzej SZYNDLER","9.00, 11.00","czas letni: 19.00; czas zimowy: 18.00","czas letni: 19.00; czas zimowy: 18.00","http://www.archidiecezja.pl/parafie/dekanaty/dekanat_pobiedziski/imielno_par._pw._narodzenia_nmp.html"
"Parafia pw. Opatrzności Bożej","88-100 Inowrocław, ul. Poznańska 332","www.opatrznosc-ino.parafia.info.pl/","opatrznoscmatwy@parafia.ino.pl","52/353.72.24","ks. Adam WALENDOWSKI","7.30, 9.30, 11.00, 18.00","7.00, 18.00","7.00, 9.00, 16.00, 18.00","http://www.archidiecezja.pl/parafie/dekanaty/dekanat_inowroclawski_i/inowroclaw__matwy_par._pw._opatrznosci_bozej.html"
"Parafia pw. św. Antoniego Padewskiego","88-100 Inowrocław 3, ul. Kujawska 1","","","52/352.72.01","ks. Roman SZULGA","8.00, 11.00, 17.00","czas letni: 8.00 lub 18.00; czas zimowy: 8.00 lub 17.00","8.00, 18.00; czas zimowy: 17.00","http://www.archidiecezja.pl/parafie/dekanaty/dekanat_inowroclawski_i/inowroclaw__szymborze_par._pw._sw._antoniego_padewskiego.html"
"Parafia pw. Chrystusa Miłosiernego","88-100 Inowrocław, Al. 800-lecia 23","www.chrystusmilosierny.pl/","paweli.no@gniezno.opoka.org.pl","52 352.50.50 i 607.105.050","ks. Paweł KOWALSKI","7.00, 9.00, 10.30, 12.00, 15.00, 19.00;","7.30, 15.00, 19.00; lipiec-sierpień: 15.00, 19.00","","http://www.archidiecezja.pl/parafie/dekanaty/dekanat_inowroclawski_i/inowroclaw_par._pw._chrystusa_milosiernego.html"
"Parafia pw. Imienia NMP","88-100 Inowrocław, ul. Bp. A. Laubitza 9","www.imienia.pl/","bazylikamniejsza@gmail.com","52/357.31.31","ks. Dariusz ŻOCHOWSKI","8.00, 9.30, 11.00, 12.30, 17.00","8.00, 18.30","8.00, 10.00, 17.00, 18.30","http://www.archidiecezja.pl/parafie/dekanaty/dekanat_inowroclawski_ii/inowroclaw_par._pw._imienia_nmp.html"
"Parafia św. Barbary i św. Maurycego &ndash; Wojskowa","88-100 Inowrocław, Al. Kopernika 16","","","52/357.39.65","ks. kapelan płk Bogdan RADZISZEWSKI","8.30, 10.00, 12.00","17.00","","http://www.archidiecezja.pl/parafie/dekanaty/dekanat_inowroclawski_ii/inowroclaw_par._pw._sw._barbary_i_sw._maurycego__wojskowa.html"
"Parafia pw. św. Jadwigi Kr&oacute;lowej","88-100 Inowrocław, Al. Wojska Polskiego 20","www.jadwiga.parafia.info.pl/","parafia@autograf.pl","52/352.22.20","ks. Jan MAĆKOWIAK","7.00, 8.00, 9.30, 11.00, 12.30, 16.00 (20.00), 18.00","7.00, 8.00, 18.00","7.00, 8.00, 9.00, 17.00, 18.00","http://www.archidiecezja.pl/parafie/dekanaty/dekanat_inowroclawski_i/inowroclaw_par._pw._sw._jadwigi_krolowej.html"
"Parafia pw. św. J&oacute;zefa Oblubieńca NMP","88-100 Inowrocław, ul. Sienkiewicza 48","www.parafiajozef.pl/","kontakt@parafiajozef.pl","52/357.37.02","ks. Radosław ORCHOWICZ","7.00, 8.00, 9.30, 11.00, 12.15, 17.00, 18.30","7.00, 8.00, 17.00, 18.30; lipiec-sierpień: 7.00, 8.00, 19.00; styczeń: 7.00, 8.00, 18.30","7.00, 8.00, 11.00, 17.00, 18.30","http://www.archidiecezja.pl/parafie/dekanaty/dekanat_inowroclawski_ii/inowroclaw_par._pw._sw._jozefa_oblubienca_nmp.html"
"Parafia pw. św. Mikołaja &ndash; Fara","88-100 Inowrocław, ul. Ks. Bogdana Gordona 4, 52/357.91.75, e-mail:, www.inofara.pl, ","www.inofara.pl/","inofara@gniezno.opoka.org.pl","fax 52/357.91.75","ks. Romuald DRĄŻKOWSKI","7.00, 9.00, 11.00, 12.15 (wrzesień-czerwiec),","8.00, 17.30","8.00, 10.00, 17.30","http://www.archidiecezja.pl/parafie/dekanaty/dekanat_inowroclawski_i/inowroclaw_par._pw._sw._mikolaja__fara.html"
"Parafia pw. Świętego Ducha","88-100 Inowrocław, ul. Jagiellońska 2","www.swietyduch.pl/index.php","parafia@swietyduch.pl","052/357.45.34","ks. Aleksander SOBCZAK","6.30, 8.00, 9.30, 11.00, 12.30, 16.00, 17.00","7.00, 8.00, 18.00","7.00, 8.00, 10.00, 18.00","http://www.archidiecezja.pl/parafie/dekanaty/dekanat_inowroclawski_i/inowroclaw_par._pw._swietego_ducha.html"
"Parafia pw. Świętego Krzyża","88-100 Inowrocław, ul. Kościuszki 3","www.krzyz.parafia.info.pl/","jacekpaw@o2.pl","052/357.57.81","ks. Sławomir RYDZ","8.00, 9.30, 11.00, 12.15, 18.00","czas letni: 7.30, 18.00; czas zimowy (listopad-grudzień): 7.30, 17.00","7.30, 9.30, 17.00, 18.00","http://www.archidiecezja.pl/parafie/dekanaty/dekanat_inowroclawski_ii/inowroclaw_par._pw._swietego_krzyza.html"
"Parafia pw. Zwiastowania NMP","88-100 Inowrocław, ul. Plebanka 10","www.zwiastowanie.pl","biuro@zwiastowanie.pl","52/357.72.24,","ks. Leszek KACZMAREK","7.30. 9.00, 10.30, 12.00, 15.00, 18.00","czas letni: 7.00, 8.00; czas zimowy: 18.00","7.00, 8.00, 10.00, 18.00","http://www.archidiecezja.pl/parafie/dekanaty/dekanat_inowroclawski_ii/inowroclaw_par._pw._zwiastowania_nmp.html"
"Parafia pw. św. Michała Archanioła","62-285 Popowo Kościelne , Raczkowo 37","","","61/427.93.17",":","9.30","","","http://www.archidiecezja.pl/parafie/dekanaty/dekanat_kiszkowski/jablkowo_par._pw._sw._michala_archaniola.html"
"Parafia pw. NMP R&oacute;żańcowej","89‑210 Łabiszyn, Chomętowo, Jabł&oacute;wko 17","","","52/384.46.87","ks. Artur SREBERSKI","9.00, 11.00","czas letni: 19.00, czas zimowy: 16.30","","http://www.archidiecezja.pl/parafie/dekanaty/dekanat_barcinski/jablowko_par._pw._nmp_rozancowej.html"
"Parafia pw. św. Marcina Bp.","88-181 Jaksice, ul. Powstańc&oacute;w Wlkp. 6","","xadamm@wp.pl","52/351.16.66","ks. Adam MELLER","8.00, 9.30, 11.30","czas letni: 18.00; czas zimowy: 17.00","","http://www.archidiecezja.pl/parafie/dekanaty/dekanat_zlotnicki/jaksice_par._pw._sw._marcina_bp..html"
"Parafia pw. bł. Michała Kozala BM","88‑160 Janikowo, ul. bp. Michała Kozala 1","www.janikowokozal.parafia.info.pl","","52/351.35.76","ks. Ireneusz DOROSZEWSKI","7.00, 9.00, 10.30, 12.00, 17.00","7.00, 18.00","7.00, 9.00, 16.00, 18.00","http://www.archidiecezja.pl/parafie/dekanaty/dekanat_barcinski/janikowo_par._pw._bl._michala_kozala.html"
"Parafia pw. Najświętszego Serca Pana Jezusa","88‑160 Janikowo, ul. Szkolna 5","","","52/351.35.77","ks. Antoni MICHALAK","8.00, 10.30, 17.00","czas letni: 18.00, czas zimowy: 17.00","9.00, 18.00, czas zimowy: 17.00","http://www.archidiecezja.pl/parafie/dekanaty/dekanat_barcinski/janikowo_par._pw._najswietszego_serca_pana_jezusa.html"
"Parafia pw. św. Jana Chrzciciela","88‑160 Janikowo, ul. Przyjezierna 11","","oaza@archidiecezja.pl","52/351.32.57","ks. Marek SIWKA","9.00, 11.00","czas letni: 18.00, czas zimowy: 17.00","czas letni: 18.00, czas zimowy: 17.00","http://www.archidiecezja.pl/parafie/dekanaty/dekanat_barcinski/janikowo_par._pw._sw._jana_chrzciciela.html"
"Parafia pw. św. Mikołaja","88-430 Janowiec Wlkp., Plac Wolności 21","","","52/302.30.57","ks. Andrzej SZCZEPANIAK","7.00, 9.00, 10.30, 12.00, 18.00","9.00, 18.00","9.00, 10.30, 16.30, 18.00","http://www.archidiecezja.pl/parafie/dekanaty/dekanat_rogowski/janowiec_wlkp._par._pw._sw._mikolaja.html"
"Parafia pw. św. Marcina","62-220 Niechanowo , Jarząbkowo 2","","","61/427.41.82","ks. Jerzy CYTRYŃSKI","7.30, 9.00, 11.00","18.00","9.00, 18.00","http://www.archidiecezja.pl/parafie/dekanaty/dekanat_wrzesinski_i/jarzabkowo_par._pw._sw._marcina.html"
"Parafia pw. Niepokalanego Poczęcia NMP","62-235 Kruchowo","","","",":","10.00","środy, piątki, soboty: 14.30; czas letni: 16.30","","http://www.archidiecezja.pl/parafie/dekanaty/dekanat_trzemeszenski/jastrzebowo_par._pw._niepokalanego_poczecia_nmp.html"
"Parafia pw. Niepokalanego Serca NMP","62-007 Biskupice Wlkp., Jerzykowo, ul. Okrężna 31","","parafiajerzykowo@neostrada.pl","61/815.53.27","ks. Jan BRODA","8.00, 10.00, 12.00","czas letni: 18.00; czas zimowy: 17.00","9.00, 18.00","http://www.archidiecezja.pl/parafie/dekanaty/dekanat_pobiedziski/jerzykowo_par._pw._niepokalanego_serca_nmp.html"
"Parafia pw. św. Małgorzaty","88‑430 Janowiec Wlkp., Juncewo 58","","","52/302.91.90","ks. Andrzej MINGE","8.30, 11.00","czas letni: 18.00; czas zimowy: 17.00","11.00, 17.00/18.00","http://www.archidiecezja.pl/parafie/dekanaty/dekanat_damaslawski/juncewo_par._pw._sw._malgorzaty.html"
"Parafia pw. św. Marcina","62-303 Kaczanowo, ul. Kościelna 37","parafia.kaczanowo.pl/","","61/438.92.07","ks. Tomasz KRUSZELNICKI","9.00, 11.00","czas letni: 18.00; czas zimowy: 17.00","11.00, 17.00","http://www.archidiecezja.pl/parafie/dekanaty/dekanat_wrzesinski_ii/kaczanowo_par._pw._sw._marcina.html"
"Parafia pw. św. Andrzeja Boboli","62-113 Żelice , Kamienica 8","","","67/261.68.04","ks. Grzegorz BRYGMAN","8.30, 11.00, 15.00; wakacje: 18.00","17.00","","http://www.archidiecezja.pl/parafie/dekanaty/dekanat_wagrowiecki/kamienica_par._pw._sw._andrzeja_boboli.html"
"Parafia pw. św. Jakuba Większego","62‑235 Trzemżal, Kamieniec 7","","","61/415.46.13","ks. Jerzy MOSTOWSKI","8.00,","9.00/18.00","10.00, 18.00; Skurbaczewo, DPS: 16.00","http://www.archidiecezja.pl/parafie/dekanaty/dekanat_trzemeszenski/kamieniec_par._pw._sw._jakuba_wiekszego.html"
"Parafia pw. MB Pocieszenia","Kawnice 4, 62‑590 Golina","kawnice.pl/index.php/archives/category/historia","kawnice@salezjanie.pl","63/241.71.03","ks. Piotr ZIÓŁKOWSKI SDB","8.00, 10.00, 12.00, 18.00, zima: 17.00;","lato: 18.00, zima: 17.00","8.00, 10.00, 18.00; zima: 17.00","http://www.archidiecezja.pl/parafie/dekanaty/dekanat_golinski/kawnice_par._mb_pocieszenia.html"
"Parafia pw. św. Andrzeja Ap.","62-220 Niechanowo , Kędzierzyn","","","61/427.21.67","ks. Henryk SOBIEREISKI","8.30, 11.00","","","http://www.archidiecezja.pl/parafie/dekanaty/dekanat_witkowski/kedzierzyn_par._pw._sw._andrzeja_ap..html"
"Parafia pw. Nawiedzenia NMP i Wszystkich Świętych","88-400 Żnin , Kierzkowo 12","","","52/302.96.05","ks. Zbigniew GARCZAREK","8.30, 11.00","","","http://www.archidiecezja.pl/parafie/dekanaty/dekanat_zninski/kierzkowo_par._pw._nawiedzenia_nmp_i_wszystkich_swietych.html"
"Parafia pw. św. Jana Chrzciciela","62-280 Kiszkowo, ul. Gnieźnieńska 9","","parafiakiszkowo@op.pl","61/427.60.56","ks. Romuald SZCZEPANIAK","8.30, 11.00, 12.15, 17.00","9.00, 18.00","9.00, 16.00, 18.00","http://www.archidiecezja.pl/parafie/dekanaty/dekanat_kiszkowski/kiszkowo_par._pw._sw._jana_chrzciciela.html"
"Parafia pw. św. Andrzeja Ap.","62-540 Kleczew, ul. Kościelna 8","parafia.kleczew.pl/","","63/270.10.12","ks. Krzysztof OPIOŁA","7.00, 8.30, 10.00, 11.30, 16.00","czas letni: 7.30, 18.00; czas zimowy: 7.30, 17.00","7.30, 9.00, 18.00","http://www.archidiecezja.pl/parafie/dekanaty/dekanat_kleczewski/kleczew_par._pw._sw._andrzeja_ap..html"
"Parafia pw. św. Jerzego i św. Jadwigi","62-270 Kłecko, ul. Kościelna 1","www.parafiaklecko.pl/","klecko@wp.pl","61/427.00.23","ks. Mirosław KĘDZIERSKI","7.00, 8.30, 10.00, 11.30, 18.00","7.00, 18.00","","http://www.archidiecezja.pl/parafie/dekanaty/dekanat_klecki/klecko_par._pw._sw._jerzego_i_sw._jadwigi.html"
"Parafia pw. św. Ap. Szymona i Judy Tadeusza","62-306 Kołaczkowo, ul. Wrzesińska 22","","","61/438.53.29","ks. Artur JANOWICZ","9.00, 11.30, 15.00","","","http://www.archidiecezja.pl/parafie/dekanaty/dekanat_miloslawski/kolaczkowo_par._pw._sw._ap._szymona_i_judy_tadeusza.html"
"Parafia pw. św. Jana Chrzciciela","88-430 Janowiec Wlkp. , Kołdrąb 3","","","52/302.60.23","ks. Jan BROŃCZYK","Kołdrąb: 8.00, 11.00; Sk&oacute;rki: 9.30","czas letni: 18.00; czas zimowy: 17.00","Kołdrąb: 10.00, 18.00","http://www.archidiecezja.pl/parafie/dekanaty/dekanat_rogowski/koldrab_par._pw._sw._jana_chrzciciela.html"
"Parafia pw. św. J&oacute;zefa","88‑160 Janikowo, Kołodziejewo, ul. ks. Kazimierza Mellera 5","","","52/351.31.71","ks. Jan WOŹNIAK","8.00, 9.45, 11.00","czas letni: 18.00; czas zimowy: 17.00","10.00, 18.00/17.00","http://www.archidiecezja.pl/parafie/dekanaty/dekanat_mogilenski/kolodziejewo_par._pw._sw._jozefa.html"
"Parafia pw. św. Bartłomieja","62-400 Słupca , Koszuty Małe 5","","koszuty@koszuty.slupca.pl","63/277.25.35","ks. Ksawery WILCZYŃSKI","8.00, 10.00, 12.00","18.00","18.00","http://www.archidiecezja.pl/parafie/dekanaty/dekanat_slupecki/koszuty_male_par._pw._sw._bartlomieja.html"
"Parafia pw. św. Małgorzaty","Kościelec, 88-170 Pakość","","","52/351.14.13","ks. Maciej KUCZYŃSKI","8.30, 11.00","czas letni: 18.00; czas zimowy: 17.00","9.00, 17.00; czas letni 18.00","http://www.archidiecezja.pl/parafie/dekanaty/dekanat_inowroclawski_i/koscielec_par._pw._sw._malgorzaty.html"
"Parafia pw. św. Anny","88-324 Jeziora Wielkie, Kościeszki 18","","","52/318.76.25","ks. Henryk LĄG","8.15, 10.00, 15.00","czas letni: 8.00/18.00; czas zimowy: 8.00/17.00","","http://www.archidiecezja.pl/parafie/dekanaty/dekanat_kruszwicki/koscieszki_par._pw._sw._anny.html"
"Parafia pw. św. Ap. Piotra i Pawła","62-400 Słupca, Kowalewo Opactwo 2","","","63/275.16.03","ks. Stefan SZTUBA SDB","9.00, 11.30","czas letni: 17.00; czas zimowy: 16.00","17.00 lub 16.00","http://www.archidiecezja.pl/parafie/dekanaty/dekanat_slupecki/kowalewo_par._pw._sw._ap._piotra_i_pawla.html"
"Parafia pw. św. J&oacute;zefa","62‑110 Damasławek, Kozielsko 9","","ks.bogdan.lybek@op.pl","67/261.45.10","ks. Bogdan ŁYBEK","9.00, 11.00","18.00","11.00, 18.00","http://www.archidiecezja.pl/parafie/dekanaty/dekanat_damaslawski/kozielsko_par._pw._sw._jozefa.html"
"Parafia pw. św. Michała Archanioła","62-580 Grodziec , Kr&oacute;lik&oacute;w 78 a","","","63/249.65.39","ks. Grzegorz GROSZKOWSKI","8.00, 10.00, 12.00, 16.00","czas letni: 8.00, 18.00; czas zimowy: 8.00, 16.00","9.00, 18.00; czas zimowy: 16.00","http://www.archidiecezja.pl/parafie/dekanaty/dekanat_zagorowski/krolikow_par._pw._sw._michala_archaniola.html"
"Parafia pw. Wszystkich Świętych","62-237 Kruchowo","","","61/415.62.90","ks. Ryszard SKRZYPCZAK","8.00, 11.00, 16.30","","","http://www.archidiecezja.pl/parafie/dekanaty/dekanat_trzemeszenski/kruchowo_par._pw._wszystkich_swietych.html"
"Parafia pw. św. Ap. Piotra i Pawła","88-153 Kruszwica, ul. Kolegiacka 26","www.kolegiatakruszwica.pl/informacje.html","luktwar@wp.pl","52/351.60.40","ks. Roman KOTECKI","8.00, 10.00, 12.00, 16.00","7.00, 18.00","8.00, 12.00, 18.00","http://www.archidiecezja.pl/parafie/dekanaty/dekanat_kruszwicki/kruszwica_par._pw._sw._ap._piotra_i_pawla.html"
"Parafia pw. św. Teresy od Dzieciątka Jezus","88-150 Kruszwica, ul. Rynek 7","","","52/351.53.81","ks. Wojciech DANECKI","7.00, 9.00, 11.00, 12.15, 18.00","czas letni: 7.00, 18.00; czas zimowy: 7.00, 16.30","7.00, 9.00, 11.00, 17.00, 18.00","http://www.archidiecezja.pl/parafie/dekanaty/dekanat_kruszwicki/kruszwica_par._pw._sw._teresy_od_dzieciatka_jezus.html"
"Parafia pw. św. Marii Magdaleny","88-321 Kwieciszewo 1","www.kwieciszewo.parafia.info.pl/","biuro@parafia-kwieciszewo.pl","52/315.83.76","ks. Krzysztof PRUS","8.00, 9.30, 11.00","","","http://www.archidiecezja.pl/parafie/dekanaty/dekanat_strzelenski/kwieciszewo_par._pw._sw._marii_magdaleny.html"
"Parafia pw. św. Mikołaja i NMP","62-405 Lądek, Ląd n. Wartą 101","wsdts.pl/","parochuslandensis@gmail.com","63/276.33.25","ks. Piotr PRZYBORSKI SDB","8.00, 9.30, 11.30, 16.30","18.00","9.30, 18.00","http://www.archidiecezja.pl/parafie/dekanaty/dekanat_zagorowski/lad_n._warta_par._pw._nmp.html"
"Parafia pw. św. Mikołaja Bp.","62‑406 Lądek, ul. Rynek 1","www.parafiawladku.pl","","63/276.30.67","ks. Dariusz KOLSKI","8.30, 12.00; Sługocin: 10.00","18.00","9.00, 18.00","http://www.archidiecezja.pl/parafie/dekanaty/dekanat_golinski/ladek_par._pw._sw._mikolaja_bp..html"
"Parafia pw. św. Marii Magdaleny i św. Wojciecha","88-180 Złotniki Kujawskie , Lisewo Kościelne 56","","grzemak@poczta.onet.pl","52/351.76.29","ks. Grzegorz MAKOWSKI","9.00, 11.00, 14.30","czas letni: 18.00; czas zimowy: 17.00","","http://www.archidiecezja.pl/parafie/dekanaty/dekanat_zlotnicki/lisewo_koscielne_par._pw._sw._marii_magdaleny_i_sw._wojciecha.html"
"Parafia pw. św. Anny","88-180 Złotniki Kujawskie , Liszkowo 34","","","52/353.63.21","ks. Bogdan ŁABĘDZKI","8.00, 9.30, 11.30","czas letni: 18.00; czas zimowy: 17.00","10.00, 17.00, czas letni: 18.00","http://www.archidiecezja.pl/parafie/dekanaty/dekanat_zlotnicki/liszkowo_par._pw._sw._anny.html"
"Parafia pw. św. Mateusza","88-420 Rogowo, Lubcz 8","","xtomekk@wp.pl","52/302.74.03","ks. Tomasz KOŁODZIEJ","7.45, 9.15, 10.30","czas letni: 17.00; czas zimowy: 18.00","","http://www.archidiecezja.pl/parafie/dekanaty/dekanat_rogowski/lubcz_par._pw._sw._mateusza.html"
"Parafia pw. św. Urszuli Led&oacute;chowskiej","89‑210 Łabiszyn, Lubostroń 2a","","parafialubostron@o2.pl","52/384.46.66","ks. Artur SREBERSKI","8.00, 10.30, 12.00","czas letni: 18.00, czas zimowy: 17.00","10.00, 17.00","http://www.archidiecezja.pl/parafie/dekanaty/dekanat_barcinski/lubostron_par._pw._sw._urszuli_ledochowskiej.html"
"Parafia pw. św. Mikołaja","Ludzisko, 88-160 Janikowo","","","52/353.10.10","ks. Piotr DUŁAK","8.30, 11.00","18.00","8.30, 18.00","http://www.archidiecezja.pl/parafie/dekanaty/dekanat_inowroclawski_i/ludzisko_par._pw._sw._mikolaja.html"
"Parafia pw. Bożego Ciała","62-272 Łagiewniki Kościelne","","","61/427.71.86","ks. Paweł KRZEWIŃSKI","8.00, 11.30","","","http://www.archidiecezja.pl/parafie/dekanaty/dekanat_kiszkowski/lagiewniki_koscielne_par._pw._bozego_ciala.html"
"Parafia pw. św. Ap. Piotra i Pawła","62-105 Łekno, ul. Poprzeczna 3","","","67/261.60.84","ks. Marek REREK","8.00, 11.00; kaplica w Kołybkach: 12.30","18.00","11.00, 18.00","http://www.archidiecezja.pl/parafie/dekanaty/dekanat_wagrowiecki/lekno_par._pw._sw._ap._piotra_i_pawla.html"
"Parafia pw. Wniebowzięcia NMP","62-213 Łopienno","","","61/427.08.94","ks. Robert WASZAK","8.00, 9.30; Laskowo: 11.00","czas letni: 18.00; czas zimowy: 17.00","9.00, 18.00, Laskowo: 16.00","http://www.archidiecezja.pl/parafie/dekanaty/dekanat_klecki/lopienno_par._pw._wniebowziecia_nmp.html"
"Proboszcz","","www.parafialubowo.pl/","parafialubowo@neostrada.pl","61/427.51.19","ks. Jan ŁYKOWSKI","8.00, 9.30, 11.30","czas letni: 18.00; czas zimowy: 17.00","9.00, 18.00","http://www.archidiecezja.pl/parafie/dekanaty/dekanat_pobiedziski/lubowo_par._pw._sw._mikolaja.html"
"Parafia pw. św. Wojciecha","64‑830 Margonin, ul. Kościelna 8","parafia.margonin.pl/","","67/283.51.30","ks. Rafał WNUK","7.15, 8.30, 11.15, 17.00; lipiec-sierpień: 20.00","17.30, 18.30","7.00, 10.00, 17.00, 18.30","http://www.archidiecezja.pl/parafie/dekanaty/dekanat_chodzieski/margonin_par._pw._sw._wojciecha.html"
"Parafia pw. św. Mikołaja","62-301 Marzenin, ul. ks. Twardego 32","","jacekfelcyn@mail.com","61/438.80.84","ks. Jacek FELCYN","7.30, 9.00, 11.00","czas letni: 18.00; czas zimowy: 17.00","11.00, 18.00","http://www.archidiecezja.pl/parafie/dekanaty/dekanat_wrzesinski_i/marzenin_par._pw._sw._mikolaja.html"
"Parafia pw. Wszystkich Świętych","62-230 Witkowo, ul. Kościelna 15","www.parafiamielzyn.pl/","witkowo3@archidiecezja.pl","61/477.50.08","ks. Krzysztof DOMAGALSKI","8.00, 10.00, 11.30","czas letni: 18.00; czas zimowy: 17.00","9.00, 17.00","http://www.archidiecezja.pl/parafie/dekanaty/dekanat_witkowski/mielzyn_par._pw._wszystkich_swietych.html"
"Parafia pw. św. Michała Archanioła","62-290 Mieścisko, ul. Kościelna 1","www.miescisko.mojaparafia.org/ogolne-dane.html","spodlewski@mojaparafia.org","61/427.80.08","ks. Andrzej PANASIUK","7.30, 9.00, 11.00, 17.00","7.00, 18.00","7.00, 10.00, 17.00, 18.00","http://www.archidiecezja.pl/parafie/dekanaty/dekanat_klecki/miescisko_par._pw._sw._michala_archaniola.html"
"Parafia pw. św. Jakuba Większego Ap.","62-320 Miłosław, ul. Kościelna 8","www.parafiamiloslaw.pl/","proboszcz@parafiamiloslaw.wp.pl","61/438.31.66","proboszcz@parafiamiloslaw.wp.pl","7.00, 9.00, 10.30, 12.00, 18.00","czas letni: 7.00, 18.00; czas zimowy: 8.00, 18.00","7.00 lub 8.00, 10.00, 16.00, 18.00","http://www.archidiecezja.pl/parafie/dekanaty/dekanat_miloslawski/miloslaw_par._pw._sw._jakuba_wiekszego_ap..html"
"Parafia pw. św. Mikołaja","62-400 Słupca , Młodojewo 1","","","63/275.71.25","ks. Tadeusz STASIAK","7.30, 9.30, 11.30","8.00/18.00","9.30, 18.00","http://www.archidiecezja.pl/parafie/dekanaty/dekanat_slupecki/mlodojewo_par._pw._sw._mikolaja.html"
"Parafia pw. św. Jakuba Ap.","62‑200 Gniezno, Modliszewko 28","","bratandy@o2.pl","61/427.18.62","ks. Andrzej JANUCHOWSKI","8.30, 11.45; Mielno: 10.00","17.30","","http://www.archidiecezja.pl/parafie/dekanaty/dekanat_gnieznienski_ii/modliszewko_par._pw._sw._jakuba_ap..html"
"Parafia pw. MB Nieustającej Pomocy","88-300 Mogilno, ul. Jana Pawła II 3","www.parafiambnp.com/index.html","","52/315.14.06","ks. Eugeniusz JAWORSKI","7.00, 9.00, 10.30, 12.00, 18.00","czas letni: 8.00, 19.00; czas zimowy: 8.00, 17.00","7.00, 9.00, 10.30, 18.00","http://www.archidiecezja.pl/parafie/dekanaty/dekanat_mogilenski/mogilno_par._pw._mb_nieustajacej_pomocy.html"
"Parafia pw. św. Faustyny","88-300 Mogilno, ul. Reja 22","faustyna-mogilno.pl/","","52/551.31.75","ks. Tomasz WALTERBACH","7.00, 9.00, 11.00, 12.30, 19.00","poniedziałki, czwartki, piątki: 17.00, 18.00;","","http://www.archidiecezja.pl/parafie/dekanaty/dekanat_mogilenski/mogilno_par._pw._sw._faustyny.html"
"- Fara","88-300 Mogilno, ul. Benedyktyńska 12","","jakubpar@neostrada.pl","52/315.24.05","ks. Zenon LEWANDOWSKI","7.00, 9.00, 10.30, 12.00, 16.00","czas letni: 7.00, 18.30; czas zimowy: 7.00, 17.30","7.00, 9.00, 16.00, 17.30; czas letni: 17.00, 18.30","http://www.archidiecezja.pl/parafie/dekanaty/dekanat_mogilenski/mogilno_par._pw._sw._jakuba_wiekszego_ap.__fara.html"
"Parafia pw. św. Jana Apostoła","88-300 Mogilno, ul. Benedykta XVI nr 1","www.klasztor.mogilno.com.pl/php-files/news.php","biuro@klasztor.mogilno.com.pl","52/315.24.08","o. Krzysztof LEWANDOWSKI OFM Cap","8.00, 9.30, 11.00, 12.30, 18.00","8.00, 18.00","8.00, 9.30, 18.00","http://www.archidiecezja.pl/parafie/dekanaty/dekanat_mogilenski/mogilno_par._pw._sw._jana_ap..html"
"Parafia pw. Najwyższego Arcykapłana Jezusa Chrystusa","62‑095 Murowana Goślina, ul. Kościelna 16","www.arcykaplan.pl","dgoslina@archpoznan.org.pl","61/812.29.00","ks. Marek CHMARA","7.15, 9.00, 10.30, 12.00, 17.00, 19.00; lipiec-sierpień: 7.15, 9.00, 11.00, 20.00","czas letni: 7.30, 19.00; czas zimowy: 7.30, 18.00","7.15, 9.00, 17.00, 19.00","http://www.archidiecezja.pl/parafie/dekanaty/dekanat_goslinski/murowana_goslina_par._pw._najwyzszego_arcykaplana_jezusa_chrystusa.html"
"Parafia erygowana w XIII wieku. Kości&oacute;ł wzniesiony w wieku XII, wielokrotnie przebudowywany, z elementami stylu romańskiego, p&oacute;źnogotyckiego i barokowego.","","","","61/ 815.48.00","ks. Sławomir JESSA","7.00, 8.30, 9.30, 11.00, 12.00, 18.00","8.00, 18.00","8.00, 10.00, 18.00","http://www.archidiecezja.pl/parafie/dekanaty/dekanat_goslinski/murowana_goslina_par._pw._sw._jakuba_ap..html"
"Parafia pw. św. Mateusza Ew. i Ap.","88‑140 Gniewkowo, Murzynno 12","","","52/351.24.28","ks. Arkadiusz WZIĘCH","Warzyn: 8.00, 9.30; Murzynno: 11.00","","","http://www.archidiecezja.pl/parafie/dekanaty/dekanat_gniewkowski/murzynno_par._pw._sw._mateusza_ew._i_ap..html"
"Parafia pw. św. Mateusza Ap.","62‑590 Golina, Myślib&oacute;rz 5","","","63/241.80.66","ks. Andrzej CZUBASZEWSKI","9.00, 11.30","czas letni: 18.30; czas zimowy: 16.00","9.00, 16.00 lub 18.30","http://www.archidiecezja.pl/parafie/dekanaty/dekanat_golinski/mysliborz_par._pw._sw._mateusza_ap..html"
"Parafia pw. św. Andrzeja Ap.","62-330 Nekla, ul. Poznańska 36","","","61/438.65.01","ks. Wojciech SCHEJN","8.00, 9.15, 10.15, 11.30, 17.00","7.00, 18.00","9.00, 16.30, 18.00","http://www.archidiecezja.pl/parafie/dekanaty/dekanat_wrzesinski_i/nekla_par._pw._sw._andrzeja_ap..html"
"Parafia pw. św. Jakuba Ap.","62-220 Niechanowo, ul. R&oacute;żana 54","","","61/427.21.89","ks. Andrzej ZIÓŁKOWSKI","8.30, 11.00, 15.00","","","http://www.archidiecezja.pl/parafie/dekanaty/dekanat_witkowski/niechanowo_par._pw._sw._jakuba_ap..html"
"Parafia pw. Wniebowzięcia NMP","62‑110 Niemczyn, Niemczyn 64a","","","67/261.45.44","w pobliskim Kozielsku. Ostateczne podział i usamodzielnienie Niemczyna miało miejsce w 1997 roku.","8.00, 10.00","czas letni: 18.00; czas zimowy: 17.00","10.00, 17.00","http://www.archidiecezja.pl/parafie/dekanaty/dekanat_damaslawski/niemczyn_par._pw._wniebowziecia_nmp.html"
"Parafia pw. św. Michała Archanioła","Niestronno, 88-300 Mogilno","","niestronno@gniezno.opoka.org.pl","52/315.85.12","ks. Jerzy ZIĘTEK","8.00, 10.30","17.30","9.30, 17.00","http://www.archidiecezja.pl/parafie/dekanaty/dekanat_mogilenski/niestronno_par._pw._sw._michala_archaniola.html"
"Parafia pw. św. Andrzeja Ap.","62-300 Września ","","","",":","10.00","poniedziałki, środy, soboty: 16.00","16.00","http://www.archidiecezja.pl/parafie/dekanaty/dekanat_miloslawski/nowa_wies_krolewska_par._pw._sw._andrzeja_ap..html"
"Parafia pw. Niepokalanego Poczęcia NMP","86-060 Nowa Wieś Wielka, ul. Bydgoska 12","","parafia.nowawieswielka@wp.pl","52/381.23.10","ks. Michał STOLARSKI","8.00, 10.00, 11.30, 17.30","czas letni: 8.00, 18.00; czas zimowy: 8.00, 17.00święta zniesione: 8.00, 10.00, 17.00","8.00, 10.00, 17.00","http://www.archidiecezja.pl/parafie/dekanaty/dekanat_zlotnicki/nowa_wies_wielka_par._pw._niepokalanego_poczecia_nmp.html"
"Parafia pw. św. Katarzyny","62-330 Nekla, Opat&oacute;wko","www.opatowko.pl/","andi@gniezno.opoka.org.pl","61/438.68.10","ks. Andrzej BOHDANOWICZ","8.00, 10.30","17.00","9.00, 17.00","http://www.archidiecezja.pl/parafie/dekanaty/dekanat_wrzesinski_i/opatowko_par._pw._sw._katarzyny.html"
"Parafia pw. Chrystusa Dobrego Pasterza","62-436 Orchowo, ul. Powstańc&oacute;w Wlkp. 1","","","63/268.49.09","ks. Mariusz KORONOWSKI","8.30, 11.45, 18.00; Lin&oacute;wiec: 10.30","","","http://www.archidiecezja.pl/parafie/dekanaty/dekanat_trzemeszenski/orchowo_par._pw._chrystusa_dobrego_pasterza.html"
"Parafia pw. Wszystkich Świętych","62-436 Orchowo, ul. Ks. Nikodema Siega 2","","","63/268.40.18","ks. Cezary SIERAKOWSKI","kaplica: 8.00; filia: 9.30; kości&oacute;ł parafialny: 11.00","czas letni: 17.00; czas zimowy: 17.15","","http://www.archidiecezja.pl/parafie/dekanaty/dekanat_trzemeszenski/orchowo_par._pw._wszystkich_swietych.html"
"Parafia pw. św. Elżbiety","88-100 Inowrocław , Orłowo 44","www.parafiaorlowo.pl/","","52/357.95.66","ks. Marek KOWALCZYK","9.00, 11.00","czas letni: 18.00; czas zimowy: 17.00","9.00, 17.00/18.00","http://www.archidiecezja.pl/parafie/dekanaty/dekanat_inowroclawski_ii/orlowo_par._pw._sw._elzbiety.html"
"Parafia pw. MB Częstochowskiej","62-322 Orzechowo, ul. Bukowa 36","","","61/437.10.83","ks. Jarosław KULPIŃSKI","7.30, 9.30, 10.45, 12.00, 17.00","","","http://www.archidiecezja.pl/parafie/dekanaty/dekanat_miloslawski/orzechowo_par._pw._mb_czestochowskiej.html"
"Parafia pw. MB Częstochowskiej","62-402 Ostrowite, ul. Kościelna 1","","","63/276.51.22","ks. Henryk KACZMAREK","9.00, 11.00, 16.00, Siernicze Wielkie: 12.00","czas letni: 7.30, 18.00; czas zimowy: 7.30, 16.00","9.00, 17.00","http://www.archidiecezja.pl/parafie/dekanaty/dekanat_kleczewski/ostrowite_par._mb_czestochowskiej.html"
"Parafia pw. św. Marcina","62-230 Witkowo , Ostrowite Prymasowskie 22","","","61/477.56.06","ks. Jan DOBRZYŃSKI","8.00, 9.30, 11.15; lato: 7.30, 9.15, 11.15, 19.00","18.00","","http://www.archidiecezja.pl/parafie/dekanaty/dekanat_witkowski/ostrowite_prymasowskie_par._pw._sw._marcina.html"
"Parafia pw. Nawiedzenia NMP","62-420 Strzałkowo , Ostrowo Kościelne 7","","","63/275.01.23","ks. Marek ŻURAWSKI","8.30, 11.00","czas letni: 18.30; czas zimowy: 16.00","8.30, 11.00, czas letni: 18.30; czas zimowy: 17.00","http://www.archidiecezja.pl/parafie/dekanaty/dekanat_strzalkowski/ostrowo_koscielne_par._pw._nawiedzenia_nmp.html"
"Parafia pw. Najśw. Serca Pana Jezusa","88-322 Ostrowo Mogileńskie","","ks.witold@wp.pl","52/318.13.21","ks. Witold ZIELIŃSKI","8.15, 10.00, 11.30","czas letni: 18.00; czas zimowy: 17.00","10.00, 18.00 (17.00)","http://www.archidiecezja.pl/parafie/dekanaty/dekanat_strzelenski/ostrowo_mogilenskie_par._pw._najswietszego_serca_pana_jezusa.html"
"Parafia pw. św. Mateusza","88-121 Chełmce, Ostrowo n. Gopłem","","","52/351.66.27","ks. Bogdan TRZASKAWKA","9.00, 11.30, Ostr&oacute;wek: 15.00","czas letni: 8.00, 18.00; czas zimowy: 8.00, 17.00","7.00, 9.00, 17.00","http://www.archidiecezja.pl/parafie/dekanaty/dekanat_kruszwicki/ostrowo_n._goplem_par._pw._sw._mateusza.html"
"Parafia pw. MB Szkaplerznej","88‑140 Gniewkowo, Ostrowo k. Gniewkowa 21","","","52/351.22.94","ks. Alojzy KUDLIŃSKI","8.30, 11.00, 15.00","17.30","11.00, 17.00","http://www.archidiecezja.pl/parafie/dekanaty/dekanat_gniewkowski/ostrowo_par._pw._mb_szkaplerznej.html"
"Parafia pw. Pana Jezusa Ukrzyżowanego i MB Bolesnej","88‑170 Pakość‑Kalwaria, ul. Barcińska 60","","irwa2@interia.pl","52/351.81.38","o. Ireneusz Adam GŁÓWCZEWSKI OFM","9.00, 11.00","czas letni: 17.00, czas zimowy: 17.00","17.00","http://www.archidiecezja.pl/parafie/dekanaty/dekanat_barcinski/pakosc_par._pw._pana_jezusa_ukrzyzowanego.html"
"Parafia pw. św. Bonawentury","88‑170 Pakość, ul. Inowrocławska 3, 52/351.85.43, / 52/351.81.78, ","","pakoscparafia@gniezno.opoka.org.pl","52/351.85.43, tel./fax 52/351.81.78,","o. Nikodem Roman SMARZ OFM","Ludwiniec: 7.00, 8.15, 9.00, 9.30; Radłowo: 10.30, 11.00, 12.30, 18.00","7.00, 18.00","7.00, 10.00, 16.00, 18.00","http://www.archidiecezja.pl/parafie/dekanaty/dekanat_barcinski/pakosc_par._pw._sw._bonawentury.html"
"Parafia pw. św. Marcina","88-314 J&oacute;zefowo k. Mogilna, Palędzie Kościelne 3","","","52/315.85.25","ks. Marek SOBOCIŃSKI","8.00, 10.30; w Wielkim Poście i w październiku dodatkowo: 15.00","czas letni: 18.00; czas zimowy: 17.00","9.30, 18.00; czas zimowy: 9.30, 17.00","http://www.archidiecezja.pl/parafie/dekanaty/dekanat_mogilenski/paledzie_koscielne_par._pw._sw._marcina.html"
"Parafia pw. św. Wojciecha","88‑110 Inowrocław 2, Parchanie","parchanie.prv.pl/index_pliki/Page440.htm","","52/351.27.25","ks. Marian KIERZKOWSKI","7.30, 9.30, 11.00","czas letni: 18.00; czas zimowy: 17.00","9.30, 15.00, 17.00","http://www.archidiecezja.pl/parafie/dekanaty/dekanat_gniewkowski/parchanie_par._pw._sw._wojciecha.html"
"Parafia pw. NMP Kr&oacute;lowej Świata","64-608 Parkowo, Parkowo98","","","67/261.05.28","ks. Jan ANDRZEJEWSKI","8.00, 11.30, Wełna: 9.45","czas letni: 18.00; czas zimowy: 17.00","8.30, 18.00","http://www.archidiecezja.pl/parafie/dekanaty/dekanat_rogozinski/parkowo_par._pw._nmp_krolowej_swiata.html"
"Parafia pw. św. Wawrzyńca","88-306 Dąbrowa,, Pralin ","","","52/315.33.16","ks. Edmund HAMERSKI","8.30, 11.00","czas letni: 18.00; czas zimowy: 17.00","10.00, 17.00","http://www.archidiecezja.pl/parafie/dekanaty/dekanat_mogilenski/parlin_par._pw._sw._wawrzynca.html"
"Parafia pw. św. Marcina","62‑250 Czerniejewo , Pawłowo 27 ","swmarcinpawlowo.pl/","sw.marcin.pawlowo@gmail.com","61/427.32.77","ks. Mariusz WIECZORKIEWICZ","8.30, 11.00","czas letni: 18.30, czas zimowy: 17.30","","http://www.archidiecezja.pl/parafie/dekanaty/dekanat_gnieznienski_i/pawlowo_par._pw._sw._marcina.html"
"Parafia pw. Świętej Tr&oacute;jcy","86-060 Nowa Wieś Wielka , Pęchowo 28","","","52/566.73.33","ks. Krzysztof SKRZYPCZAK","9.00, 11.00","czas letni: 17.00; czas zimowy: 16.00","10.00, 17.00/16.00","http://www.archidiecezja.pl/parafie/dekanaty/dekanat_zlotnicki/pechowo_par._pw._swietej_trojcy.html"
"Parafia pw. Ścięcia św. Jana Chrzciciela","88-153 Kruszwica, Piaski 32","","","52/567.45.45","ks. Paweł BŁOCHOWIAK","8.30, 10.30","czas letni: 18.00; czas zimowy: 17.00","8.30, 18.00; czas zimowy: 17.00","http://www.archidiecezja.pl/parafie/dekanaty/dekanat_kruszwicki/piaski_par._pw._sciecia_sw._jana_chrzciciela.html"
"Parafia pw. MB Częstochowskiej i św. Barbary","88‑192 Piechcin, ul. Dworcowa 4","","balcerz@op.pl","52/383.72.40","ks. Stefan BALCERZAK","8.00, 10.00, 12.00, 17.00","czas letni: 8.00, 18.00, czas zimowy: 8.00, 17.00","9.00, 16.00, 18.00","http://www.archidiecezja.pl/parafie/dekanaty/dekanat_barcinski/piechcin_par._pw._mb_czestochowskiej_i_sw._barbary.html"
"Parafia pw. św. Mikołaja Bp.","Sanktuarium MB Łaskawej, Pieranie 36/1, 88-133 Dąbrowa Biskupia","www.pieranie.net/","kswojciech@neostrada.pl","52/351.15.90","ks. Wojciech CZECHYRA","8.30, 10.30","czas letni: 18.00, czas zimowy: 16.30","9.00, 18.00","http://www.archidiecezja.pl/parafie/dekanaty/dekanat_inowroclawski_ii/pieranie_par._pw._sw._mikolaja_bp..html"
"Parafia pw. św. Maksymiliana Marii Kolbego","88‑111 Rojewo, Płonkowo 31","","","52/351.13.92","ks. Józef BACHORZ","9.00, 11.00","czas letni: 18.00; czas zimowy: 16.30","16.30","http://www.archidiecezja.pl/parafie/dekanaty/dekanat_gniewkowski/plonkowo_par._pw._sw._maksymiliana_marii_kolbego_i....html"
"Parafia pw. MB Nieustającej Pomocy","62-010 Pobiedziska, ul. Wierzbowa 37/39","","parafiambnp@neostrada.pl","61/817.75.49","ks. Adam ZASADA","8.00, 11.00, 18.00","18.00","10.00, 18.00","http://www.archidiecezja.pl/parafie/dekanaty/dekanat_pobiedziski/pobiedziska_par._pw._mb_nieustajacej_pomocy.html"
"Parafia pw. św. Michała Archanioła","62-010 Pobiedziska, ul. Gnieźnieńska 2","","ireneuszplu@poczta.onet.pl","61/817.71.12","ks. Ireneusz PLUCIŃSKI","7.00, 9.00, 11.00, 15.00, 18.30","6.30, 18.30;","6.30, 9.00, 11.00, 17.00, 18.30","http://www.archidiecezja.pl/parafie/dekanaty/dekanat_pobiedziski/pobiedziska_par._pw._sw._michala_archaniola.html"
"Parafia pw. Świętego Ducha","62-010 Pobiedziska, ul. Władysława Jagiełły 23","","","","ks. Stanisław DROŻYŃSKI","8.00, 9.45, 11.00, 12.15, 17.00","7.00, 18.00","7.00, 9.00, 12.00, 18.00","http://www.archidiecezja.pl/parafie/dekanaty/dekanat_pobiedziski/pobiedziska_par._pw._swietego_ducha.html"
"Parafia pw. św. Anny","62-285 Popowo Kościelne, Sarbia ","","","61/427.88.91","ks. Grzegorz BORUSZEWSKI","9.00, 10.30, 12.30; maj i październik: 16.00","czas letni: Podlesie: 18.00; Sarbia: 17.00; czas zimowy: Podlesie: 17.00; Sarbia: 18.00","10.00, 17.00, czas zimowy: 18.00; czas letni: 18.00, 19.00","http://www.archidiecezja.pl/parafie/dekanaty/dekanat_klecki/podlesie_koscielne_par._pw._sw._anny.html"
"Parafia pw. św. Kazimierza","64‑840 Budzyń, Podstolice 4","","","67/284.38.82","ks. Adam KUCHARSKI","9.30, 11.00","czas letni: 18.00; czas zimowy: 17.00","16.30, 18.00","http://www.archidiecezja.pl/parafie/dekanaty/dekanat_chodzieski/podstolice_par._pw._sw._kazimierza.html"
"Parafia pw. św. Marka Ew.","88-150 Kruszwica, Polanowice ","","","52/351.53.02","ks. Janusz POPOWSKI","9.00, 11.00, 15.00","","","http://www.archidiecezja.pl/parafie/dekanaty/dekanat_kruszwicki/polanowice_par._pw._sw._marka_ew..html"
"Parafia pw. Opieki MB","62-272 Łagiewniki Kościelne","","","61/427.71.86",":","10.00","","","http://www.archidiecezja.pl/parafie/dekanaty/dekanat_kiszkowski/pomorzany_par._pw._opieki_mb.html"
"Parafia pw. Najświętszego Serca Pana Jezusa","Popowo-Ignacewo 1, 62-212 Mieleszyn","","","61/427.74.14","ks. Henryk SZEFFLER","8.00, 9.30, 11.15","czas letni: 18.00; czas zimowy: 17.00","9.30, 17.00","http://www.archidiecezja.pl/parafie/dekanaty/dekanat_klecki/popowo_ignacewo_par._pw._najswietszego_serca_pana_jezusa.html"
"Parafia pw. Zwiastowania NMP","62-285 Popowo Kościelne","","","61/427.88.98","ks. Edward LAJTLOCH","8.00, 10.30","czas letni: 18.00; czas zimowy: 17.00","8.00, 10.30","http://www.archidiecezja.pl/parafie/dekanaty/dekanat_klecki/popowo_koscielne_par._pw._zwiastowania_nmp.html"
"Parafia pw. św. Katarzyny","62-100 Wągrowiec, Potulice 2","","","67/261.68.84","ks. Tomasz KUBIAK","8.30, 11.00","17.00","17.00","http://www.archidiecezja.pl/parafie/dekanaty/dekanat_rogozinski/potulice_par._pw._sw._katarzyny.html"
"Parafia pw. św. Mikołaja","62-430 Powidz, ul. Kościelna 7","","fred@plusnet.pl","63/277.69.05","ks. Alfred LEWICZ","7.00, 9.00, 11.30; czas zimowy: 17.00, lato: 19.00","czas letni: 8.00, 19.00; czas zimowy: 8.00, 17.00","8.00, 11.30, lato: 17.00, zima: 19.00","http://www.archidiecezja.pl/parafie/dekanaty/dekanat_witkowski/powidz_par._pw._sw._mikolaja.html"
"Parafia pw. Św. Stanisława Bp.","64-610 Rogoźno, Pruśce 40","","szymendera@interia.pl","67/261.00.61","ks. Szczepan SZYMENDRA","Pruśce: 8.00, 11.00; Wiatrowo: 10.00","czas letni: 19.00; czas zimowy: 18.00","Pruśce: 10.30, 18.00/19.00; Wiatrowo: 16.00/17.00","http://www.archidiecezja.pl/parafie/dekanaty/dekanat_rogozinski/prusce_par._pw._sw._stanislawa_bm.html"
"Parafia pw. Narodzenia NMP","62-310 Pyzdry , ul. Kaliska 25","www.pyzdry.parafialnastrona.pl/","","63/276.81.72","ks. Ryszard KOPCZYŃSKI","8.45, 10.30, 12.00, 17.00","czas letni: 7.30, 18.00; czas zimowy: 7.30, 17.00","8.45, 10.30, 12.00, 17.00","http://www.archidiecezja.pl/parafie/dekanaty/dekanat_zagorowski/pyzdry_par._pw._narodzenia_nmp.html"
"Parafia pw. Wszystkich Świętych","62-285 Popowo Kościelne , Raczkowo 37","","","61/427.93.17","ks. Mirosław WĘGLARZ","8.00, 11.00","","","http://www.archidiecezja.pl/parafie/dekanaty/dekanat_kiszkowski/raczkowo_par._pw._wszystkich_swietych.html"
"Parafia pw. św. J&oacute;zefa","64‑820 Szamocin, Raczyn 30","","slawomir.rachwalski@plusnet.pl","67/283.39.04","ks. Sławomir RACHWALSKI","Raczyn: 7.30, 11.00; Zacharzyn: 9.00","czas letni: 19.00; czas zimowy: 17.00","Zacharzyn: 9.00, 18.30; Raczyn: 17.00, 18.30","http://www.archidiecezja.pl/parafie/dekanaty/dekanat_chodzieski/raczyn_par._pw._sw._jozefa.html"
"Parafia pw. św. Barbary i NMP Matki Kościoła","88-150 Kruszwica , Rechta-Sukowy","","tabaczkap@poczta.onet.pl","52/351.62.23","ks. Przemysław TABACZKA","9.00, 11.00","","","http://www.archidiecezja.pl/parafie/dekanaty/dekanat_strzelenski/rechta_par._pw._sw._barbary_i_matki_kosciola.html"
"Parafia pw. Najświętszego Serca Pana Jezusa","62-093 Rejowiec Poznański, Rejowiec 32","","","61/812.48.82","ks. Błażej CZARNECKI","9.00, 11.00, 15.00","18.00","9.00, 11.00, 18.00","http://www.archidiecezja.pl/parafie/dekanaty/dekanat_kiszkowski/rejowiec_poznanski_par._pw._najswietszego_serca_pana_jezusa.html"
"Parafia pw. św. Doroty","88-420 Rogowo, ul. Kościelna 16","","","52/302.40.14","ks. Zenon STARSZAK","7.30, 9.00, 10.30, 16.00","8.00, 18.00","7.30, 10.30, 16.00, 18.00","http://www.archidiecezja.pl/parafie/dekanaty/dekanat_rogowski/rogowo_par._pw._sw._doroty.html"
"Parafia pw. Ducha Świętego","64-610 Rogoźno, Pl. Jana Pawła II 2","","","67/261.80.24","ks. Eugeniusz ŚLIWA","7.30, 9.00, 10.30, 12.00, 18.00","","7.00, 9.30, 16.00, 18.00","http://www.archidiecezja.pl/parafie/dekanaty/dekanat_rogozinski/rogozno_par._pw._ducha_swietego.html"
"Parafia pw. św. Wita","64-610 Rogoźno, ul. Kościelna 10","www.parafia-wita.pl/viewpage.php?page_id=3","","67/261.80.54","ks. Jarosław ZIMNY","7.00, 8.00, 10.00, 11.15, 18.30","7.00, 18.30","7.00, 16.00, 18.30","http://www.archidiecezja.pl/parafie/dekanaty/dekanat_rogozinski/rogozno_par._pw._sw._wita.html"
"Parafia pw. Najświętszego Serca Pana Jezusa","88‑111 Rojewo, Rojewice","","","52/351.25.90","ks. Leszek SAKOWSKI","8.00, 10.00; w kaplicy: 11.30","czas letni: 16.30; czas zimowy: 16.00","10.00, 16.00","http://www.archidiecezja.pl/parafie/dekanaty/dekanat_gniewkowski/rojewice_par._pw._najswietszego_serca_pana_jezusa.html"
"Parafia pw. NMP Wspomożycielki Wiernych","88‑111 Rojewo, Rojewo 106","","","52/351.13.16","ks. Edward OKOŃSKI","9.00, 11.00","17.00","10.00, 17.00","http://www.archidiecezja.pl/parafie/dekanaty/dekanat_gniewkowski/rojewo_par._pw._nmp_wspomozycielki_wiernych.html"
"Parafia pw. św. Brata Alberta","62-436 Orchowo, R&oacute;żanna","","","63/268.49.61","ks. Jan KORYGACZ","9.00, 10.30","czas letni: 18.30; czas zimowy: 17.30","czas zimowy: 16.00, 17.30; czas letni: 17.00, 18.30","http://www.archidiecezja.pl/parafie/dekanaty/dekanat_trzemeszenski/rozanna_par._pw._sw._brata_alberta.html"
"Parafia pw. św. Marii Magdaleny","88-411 Ryszewko, Ryszewko 2","","","52/302.57.29","ks. Ryszard ZWOLAN","8.15, 11.30","","","http://www.archidiecezja.pl/parafie/dekanaty/dekanat_rogowski/ryszewko_par._pw._sw._marii_magdaleny.html"
"Parafia pw. św. Rocha","88-320 Strzelno , Rzadkwin","","","52/318.10.76","ks. Zbigniew BUKOWSKI","8.30, 11.00","","","http://www.archidiecezja.pl/parafie/dekanaty/dekanat_strzelenski/rzadkwin_par._pw._sw._rocha.html"
"Parafia pw. św. Michała Archanioła","62-406 Lądek , Samarzewo","","","63/276.39.78","ks. Zenon KOZŁOWSKI","kaplica: 8.00, kości&oacute;ł: 9.30, 12.00","czas letni: 18.00; czas zimowy: 16.00","9.30, 18.00/16.00","http://www.archidiecezja.pl/parafie/dekanaty/dekanat_slupecki/samarzewo_par._pw._sw._michala_archaniola.html"
"Parafia pw. św. Michała Archanioła","88-324 Jeziora Wielkie , Siedlimowo","www.parafiasiedlimowo.pl/","","52/318.72.58","ks. Witold SADŁOWSKI","8.00, 10.00, 12.00","czas letni: 17.00; czas zimowy: 16.00","16.00, 17.00","http://www.archidiecezja.pl/parafie/dekanaty/dekanat_strzelenski/siedlimowo_par._pw._sw._michala_archaniola.html"
"Parafia pw. Świętej Tr&oacute;jcy","62-420 Strzałkowo , Skarboszewo","","","63/275.01.58","ks. Andrzej GŁOGOWSKI","8.00, 11.00; Naruszewo: 9.15","czas letni: 18.00; czas zimowy: 17.00","czas letni: 18.00; czas zimowy: 17.00","http://www.archidiecezja.pl/parafie/dekanaty/dekanat_strzalkowski/skarboszewo_par._pw._swietej_trojcy.html"
"Parafia pw. św. Mikołaja Bp.","62‑085 Skoki , ul. Kościelna 7","","","/fax 61/812.42.91","ks. Karol KACZOR","7.00, 8.00, 10.00, 11.30, 18.00","18.00","10.00, 16.30, 18.00","http://www.archidiecezja.pl/parafie/dekanaty/dekanat_goslinski/skoki_par._pw._sw._mikolaja_bp..html"
"Parafia pw. Świętej Tr&oacute;jcy","88-306 Dąbrowa, Słaboszewo","parafiaslaboszewo.pl/","","52/315.36.13","Ks. Sławomir HEKIERT","9.00, 11.00","18.00","10.00 i 18.00","http://www.archidiecezja.pl/parafie/dekanaty/dekanat_mogilenski/slaboszewo_par._pw._swietej_trojcy.html"
"Parafia pw. św. Mikołaja","62‑265 Sławno, ul. Kościelna 2","","","61/427.71.92","ks. Ryszard GILAS","8.00, 11.15","czas letni: 18.00; czas zimowy: 17.00","8.00, 18.00","http://www.archidiecezja.pl/parafie/dekanaty/dekanat_kiszkowski/slawno_par._pw._sw._mikolaja.html"
"Parafia pw. św. Bartłomieja","88-150 Kruszwica , Sławsk Wielki 55","","","52/351.63.70","ks. Stanisław TOKARCZYK","Sławsk Wielki: 8.30, 11.30; Kobylniki: 10.00","czas letni: 8.00, 18.00; czas zimowy: 18.00","Sławsk Wielki: 8.00, 18.00; Kobylniki: 17.00","http://www.archidiecezja.pl/parafie/dekanaty/dekanat_kruszwicki/slawsk_wielki_par._pw._sw._bartlomieja.html"
"Parafia pw. Wniebowzięcia NMP","64-610 Rogoźno, Słomowo 5","www.parafia-slomowo.ovh.org","renwoj@gmail.com","67/261.05.41","ks. Wojciech REN","8.00, 11.00","18.00","9.00, 18.00","http://www.archidiecezja.pl/parafie/dekanaty/dekanat_rogozinski/slomowo_par._pw._wniebowziecia_nmp.html"
"Parafia pw. bł. Michała Kozala BM","62-400 Słupca , ul. Kopernika 10","","","kom. 602.684.366","ks. Hieronim SZCZEPANIAK","7.30, 9.00, 10.30, 12.00, 17.00","7.15, 17.00","9.00, 17.00","http://www.archidiecezja.pl/parafie/dekanaty/dekanat_slupecki/slupca_par._pw._bl._michala_kozala_bm.html"
"Parafia pw. św. Leonarda","Sanktuarium Św. Krzyża, 62-400 Słupca, ul. Sienkiewicza 11","www.leonardslupca.pl/?page_id=4","parafia@leonardslupca.pl","63/275.19.71","ks. Zbigniew SZYK","8.00, 9.30, 10.30 (Kotunia), 12.00 i 16.00","czas letni: 18.00; czas zimowy: 17.00","10.00, 18.00, kaplica: 16.00","http://www.archidiecezja.pl/parafie/dekanaty/dekanat_slupecki/slupca_par._pw._sw._leonarda.html"
"Parafia pw. św. Wawrzyńca","62-400 Słupca , ul. Kościelna 3","","","63/277.13.07","ks. Tomasz RYŚ","7.00, 8.30, 10.00, 11.30, 13.00, 18.00","7.00, 10.00, 18.00","7.00, 10.00, 16.30, 18.00","http://www.archidiecezja.pl/parafie/dekanaty/dekanat_slupecki/slupca_par._pw._sw._wawrzynca.html"
"Parafia pw. św. Jakuba Większego Ap.","62-305 Sokolniki k. Wrześni, ul. Kościelna 5","","","61/438.59.52","ks. Marek STAJKOWSKI","9.00, 11.00","czas letni: 8.00/18.00; czas zimowy: 8.00/17.00","10.00, 17.00/18.00","http://www.archidiecezja.pl/parafie/dekanaty/dekanat_miloslawski/sokolniki_par._pw._sw._jakuba_wiekszego_ap..html"
"Parafia pw. św. Stanisława Bp.","62-212 Mieleszyn, Sokolniki","","","61/427.74.84","ks. Lech MĄKA","8.30, 10.30","czas letni: 18.00; czas zimowy: 17.00","9.00, 18.00","http://www.archidiecezja.pl/parafie/dekanaty/dekanat_klecki/sokolniki_par._pw._sw._stanislawa_bp..html"
"Parafia pw. św. Mikołaja","62‑120 Wapno, Srebrna G&oacute;ra 57","","","67/261.10.31","ks. Marek SZEWCZYKOWSKI","8.00, 11.00","czas letni: 18.00; czas zimowy: 16.00","10.00, 18.00","http://www.archidiecezja.pl/parafie/dekanaty/dekanat_damaslawski/srebrna_gora_par._pw._sw._mikolaja.html"
"Parafia pw. św. Jadwigi Śląskiej","62-420 Strzałkowo, Staw","","","63/275.91.07","ks. Andrzej SOBASZKIEWICZ","kaplica w Unii: 8.30, w kościele: 11.00 i 16.00;","17.00","10.00, 17.00","http://www.archidiecezja.pl/parafie/dekanaty/dekanat_strzalkowski/staw_par._pw._sw._jadwigi_slaskiej.html"
"Parafia pw. św. Wojciecha","88-320 Strzelno, Stodoły 32","","","52/318.11.26","ks. Ryszard FLUDER","8.30, 10.30; w Wielkim Poście: 15.00","czas letni: 8.00, 17.30; czas zimowy: 8.00, 16.30","9.00, 17.30 (16.30)","http://www.archidiecezja.pl/parafie/dekanaty/dekanat_strzelenski/stodoly_par._pw._sw._wojciecha.html"
"Parafia pw. MB Szkaplerznej","64‑800 Chodzież, Str&oacute;żewo 7","","","67/284.51.29","ks. Józef WĘDZIKOWSKI","9.00, 11.00","czas letni: 18.00; czas zimowy: 17.00","9.00, 18.00","http://www.archidiecezja.pl/parafie/dekanaty/dekanat_chodzieski/strozewo_par._pw._mb_szkaplerznej.html"
"Parafia pw. św. Doroty","62-420 Strzałkowo, ul. Ks. Stanisława Marusarza 5","","ksprobwarczak@onet.eu","63/275.02.00","ks. Józef WARCZAK","7.30, 9.00, 10.30, 12.00, 16.00","8.30, 18.30","8.30, 11.00, 16.00, 18.30","http://www.archidiecezja.pl/parafie/dekanaty/dekanat_strzalkowski/strzalkowo_par._pw._sw._doroty.html"
"Parafia pw. Narodzenia NMP","88-300 Mogilno ","","","","ks. Krzysztof KINOWSKI","8.00, 10.15","czas letni: 17.30; czas zimowy: 16.30","10.15, 16.30/17.30","http://www.archidiecezja.pl/parafie/dekanaty/dekanat_strzelenski/strzelce_par._pw._narodzenia_nmp.html"
"Parafia pw. Świętej Tr&oacute;jcy","88-320 Strzelno, Plac Świętego Wojciecha 1, / 052/318.92.81","www.parafiastrzelno.pl/aktualnosci.html","","/fax 052/318.92.81","ks. Otton SZYMKÓW","7.00, 8.30, 10.00, 11.30, 18.00; kaplica Łąkie: 15.00","7.00, 18.00","","http://www.archidiecezja.pl/parafie/dekanaty/dekanat_strzelenski/strzelno_par._pw._swietej_trojcy.html"
"Parafia pw. Zwiastowania NMP","62‑200 Gniezno 1, Strzyżewo Kościelne","parafie-strzyzewo-jankowo.pl/","biuro@parafia%1Estrzyzewo%1Ejankowo.pl","61/427.13.41","ks. Krzysztof WOŹNIAK","8.00, 11.00","17.00","11.00, 17.00","http://www.archidiecezja.pl/parafie/dekanaty/dekanat_gnieznienski_ii/strzyzewo_koscielne_par._pw._zwiastowania_nmp.html"
"Parafia pw. św. Bartłomieja","88‑140 Gniewkowo, Szadłowice 16","","","52/351.17.25","ks. Ireneusz OLIWKOWSKI","8.30, 10.30, 15.00","17.00","17.00","http://www.archidiecezja.pl/parafie/dekanaty/dekanat_gniewkowski/szadlowice_par._pw._sw._bartlomieja.html"
"Parafia pw. NMP Wspomożycielki Wiernych","Proboszcz, ks. Krzysztof MADECKI, , Wikariusz, ks. Maciej PACANOWSKI, , Święto patronalne:","parafia-szamocin.pl/","","67/283.33.03","ks. Krzysztof MADECKI","7.30, 10.00, 11.30, 12.45, 17.00","czas letni: 7.00, 18.00","7.30, 10.00, 16.30, 18.00; Heliodorowo: 15.00","http://www.archidiecezja.pl/parafie/dekanaty/dekanat_chodzieski/szamocin_par._pw._nmp_wspomozycielki_wiernych.html"
"Parafia pw. św. Bartłomieja Apostoła","","www.parafiaszczepanowo.pl","st.hubert@wp.pl","52/315.38.95","ks. Hubert NOWAK","9.15, 11.15, 18.00","","","http://www.archidiecezja.pl/parafie/dekanaty/dekanat_barcinski/szczepanowo_par._pw._sw._bartlomieja_ap..html"
"Parafia pw. św. Urszuli","62-420 Strzałkowo , Szemborowo 46","","","63/275.90.29","","8.30, 11.00, 17.00","18.00","10.00, 18.00","http://www.archidiecezja.pl/parafie/dekanaty/dekanat_strzalkowski/szemborowo_par._pw._sw._urszuli.html"
"Parafia pw. Najśw. Imienia Jezus, NMP i św. J&oacute;zefa","62-235 Trzemżal ","","","",":","9.30","wtorki, czwartki: 16.30","","http://www.archidiecezja.pl/parafie/dekanaty/dekanat_trzemeszenski/szydlowo_par._pw._najswietszego_imienia_jezus_nmp_i_sw._jozefa.html"
"Parafia pw. św. Jana Chrzciciela","63-308 Gizałki , ul. Kościelna 5","www.jchrzciciel-szymanowice.pl/","","62/741.11.04","ks. Zdzisław PIETRASZEWSKI","7.00, 10.00, 12.30; Świerczyna: 8.30; Lisewo: 11.15","czas letni: 7.30, 17.00; czas zimowy: 7.30, 16.00","","http://www.archidiecezja.pl/parafie/dekanaty/dekanat_zagorowski/szymanowice_par._pw._sw._jana_chrzciciela.html"
"Parafia pw. Świętej Tr&oacute;jcy","88‑430 Janowiec Wlkp., Świątkowo 58","","","52/302.91.59","ks. Tadeusz GALICZ","9.00, 11.00","czas letni: 17.00; czas zimowy: 17.00","11.00, 17.00","http://www.archidiecezja.pl/parafie/dekanaty/dekanat_damaslawski/swiatkowo_par._pw._swietej_trojcy.html"
"Parafia pw. NMP Kr&oacute;lowej Polski","62-270 Kłecko, Świniary 14","","","61/427.05.11","ks. Marek PACHOWICZ","8.00, 11.30; Jaroszewo: soboty: 18.00, niedziele: 10.00","czas letni: 18.00; czas zimowy: 16.00","Świniary: 16.30; Jaroszewo: 18.00","http://www.archidiecezja.pl/parafie/dekanaty/dekanat_klecki/swiniary_par._pw._nmp_krolowej_polski.html"
"Parafia pw. św. Michała Archanioła","62-330 Nekla, Targowa G&oacute;rka, ul. Kosińskiego 3","","","61/438.66.84","ks. Sławomir STRONKA","9.00, 11.30; Dzierżnica: 10.15","18.00","","http://www.archidiecezja.pl/parafie/dekanaty/dekanat_wrzesinski_i/targowa_gorka_par._pw._sw._michala_archaniola.html"
"Parafia pw. św. Mikołaja","62-105 Łekno","","","67/261.60.84",":","9.30","wtorki, czwartki: 17.00","17.00","http://www.archidiecezja.pl/parafie/dekanaty/dekanat_wagrowiecki/tarnowo_paluckie_par._pw._sw._mikolaja.html"
"Parafia pw. św. Stanisława BM","62-410 Zag&oacute;r&oacute;w , Trąbczyn 37","","","63/276.21.04","ks. Jan WALCZAK","8.00, 10.00, 12.00","czas letni: 18.00; czas zimowy: 16.00","10.00, 17.00","http://www.archidiecezja.pl/parafie/dekanaty/dekanat_zagorowski/trabczyn_par._pw._sw._stanislawa_bm.html"
"Parafia pw. św. Ap. Piotra i Pawła","88-160 Janikowo, Trląg 7 ","","","52/351.39.17","ks. Dariusz KASZUBA","8.30, 10.30;","czas letni: 18.00; czas zimowy: 17.00","11.00, 18.00; czas zimowy: 17.00","http://www.archidiecezja.pl/parafie/dekanaty/dekanat_mogilenski/trlag_par._pw._sw._ap._piotra_i_pawla.html"
"Parafia pw. Wniebowzięcia NMP","62-240 Trzemeszno, Pl. Kosmowskiego 8","parafiatrzemeszno.pl/","pikot@op.pl","61/415.42.46","ks. Piotr KOTOWSKI","7.00, 8.30, 9.30, 11.00, 15.00, 18.30","6.30, 7.00, 18.00","7.00, 11.00, 16.00, 18.00","http://www.archidiecezja.pl/parafie/dekanaty/dekanat_trzemeszenski/trzemeszno_par._pw._wniebowziecia_nmp.html"
"Parafia pw. św. J&oacute;zefa Rzemieślnika","62-235 Trzemżal","","","61/415.49.87","ks. Roman PŁACZEK","8.00, 11.00","","","http://www.archidiecezja.pl/parafie/dekanaty/dekanat_trzemeszenski/trzemzal_par._pw._sw._jozefa_rzemieslnika.html"
"Parafia pw. św. Ap. Piotra i Pawła","88-180 Złotniki Kujawskie , Tuczno, ul Pakoska 31","","parafia.tuczno@gmail.com","52/351.98.70","ks. Mirosław KWIATKOWSKI","8.30, 11.00, 14.30","17.00","9.00, 17.00","http://www.archidiecezja.pl/parafie/dekanaty/dekanat_zlotnicki/tuczno_par._pw._sw._ap._piotra_i_pawla.html"
"Pierwszy kości&oacute;ł ufundowany i erygowany w XII wieku. Obecny zbudowany w latach 1905-1907 w stylu neobarokowym.","","www.paraf.za.pl/","","67/284.00.94","ks. Robert RÓŻAŃSKI","7.00, 9.00, 11.00, 16.30","7.00, 18,00","7.00, 10.00, 16.00, 18.30","http://www.archidiecezja.pl/parafie/dekanaty/dekanat_chodzieski/ujscie_par._pw._sw._mikolaja.html"
"Parafia pw. św. Katarzyny","62-265 Sławno","","","","a w Sławnie.","9.45","czas letni: 18.00; czas zimowy: 17.00","16.30","http://www.archidiecezja.pl/parafie/dekanaty/dekanat_kiszkowski/waliszewo_par._pw._sw._katarzyny.html"
"Parafia pw. św. Barbary","62‑120 Wapno, ul. G&oacute;rnicza 13","","parafiaswbarbary.wapno@neostrada.pl","67/261.10.28","ks. Adam DYDERSKI","8.00, 9.30, 11.00","czas letni: 18.00; czas zimowy: 17.00","9.00, 17.00","http://www.archidiecezja.pl/parafie/dekanaty/dekanat_damaslawski/wapno_par._pw._sw._barbary.html"
"Parafia pw. bł. Michała Kozala BM","62-100 Wągrowiec, ul. Rzeczna 4a","","","67/268.58.05","ks. Witold CHMIELEWSKI","8.00, 9.30, 11.00, 17.00","18.00","","http://www.archidiecezja.pl/parafie/dekanaty/dekanat_wagrowiecki/wagrowiec_par._pw._bl._michala_kozala_bm.html"
"Parafia pw. św. Jakuba Ap. &ndash; Fara","62-100 Wągrowiec, ul. Klasztorna 16","","farabiuro@wp.pl","67/262.09.99","ks. Piotr KALINOWSKI","7.00, 8.00, 9.30, 11.00, 12.30, 19.00","8.00, 18.00, 18.30","7.00, 8.00, 9.30, 17.00, 19.00","http://www.archidiecezja.pl/parafie/dekanaty/dekanat_wagrowiecki/wagrowiec_par._pw._sw._jakuba_ap.__fara.html"
"Parafia pw. św. Wojciecha","62-100 Wągrowiec, Pl. Kardynała Stefana Wyszyńskiego 1","www.wojciech.nets.pl","parafia@wojciech.nets.pl","67/262.15.60","ks. Andrzej RYGIELSKI","7.00, 9.00, 10.30, 12.00, 15.00, 19.00; szpital: 7.00;","7.00, 7.30,19.00","7.00, 8.00, 9.00, 17.00, 19.00","http://www.archidiecezja.pl/parafie/dekanaty/dekanat_wagrowiecki/wagrowiec_par._pw._sw._wojciecha.html"
"Parafia pw. Wniebowzięcia NMP","62-100 Wągrowiec, ul. Klasztorna 21","wagrowiec.paulini.pl/","wagrowiec7@archidiecezja.pl","67/262.01.25","o. Dariusz NOWICKI OSPPE","7.30 w kościele pw. św. Ap Piotra i Pawła, 9.30 w klasztorze, 11.00 z udziałem dzieci w kościele pw. św. Ap. Piotra i Pawła, 12.30 z udziałem młodzieży w klasztorze, 18.00 w klasztorze","klasztor 18.00, kości&oacute;ł pw. św. Ap Piotra i Pawła 9.00","","http://www.archidiecezja.pl/parafie/dekanaty/dekanat_wagrowiecki/wagrowiec_par._pw._wniebowziecia_nmp.html"
"Parafia pw. Narodzenia NMP","88‑400 Żnin, , Wenecja 6, ","","","52/302.50.80","ks. Henryk KUCHARSKI","8.00, 10.30","czas letni: 19.00; czas zimowy: 18.00","10.30, 18.00","http://www.archidiecezja.pl/parafie/dekanaty/dekanat_zninski/wenecja_par._pw._narodzenia_nmp.html"
"Parafia pw. Najświętszego Serca Pana Jezusa","62-302 Węgierki, ul. Kościelna 1","","","61/438.71.03","ks. Bogdan TARKA","8.30, 11.15","18.00","10.00, 15.30, 18.00","http://www.archidiecezja.pl/parafie/dekanaty/dekanat_wrzesinski_ii/wegierki_par._pw._najswietszego_serca_pana_jezusa.html"
"Parafia pw. św. Katarzyny Aleksandryjskiej","62-010 Pobiedziska, Węglewo 23","www.weglewo.pl/jmla/index.php","","61/817.70.08","ks. Sławomir BRZĄKAŁA","8.30, 11.00","czas letni: 18.00; czas zimowy: 17.00","10.00, 18.00","http://www.archidiecezja.pl/parafie/dekanaty/dekanat_pobiedziski/weglewo_par._pw._sw._katarzyny_aleksandryjskiej.html"
"Parafia pw. św. Urszuli","62-550 Wilczyn, ul. Wilczog&oacute;ra 25","www.parafiawilczyn.pl/","Mazur@ParafiaWilczyn.pl","63/268.30.12","ks. Waldemar MAZUR","8.30, 10.00, 11.30, 17.00","czas letni: 7.00, 18.00; czas zimowy: 7.00, 17.00","8.30, 10.00, 18.00; czas zimowy: 17.00","http://www.archidiecezja.pl/parafie/dekanaty/dekanat_kleczewski/wilczyn_par._pw._sw._urszuli.html"
"Parafia pw. św. Michała Archanioła","63-013 Szlachcin, Winna G&oacute;ra 9","","","61/287.10.61","ks. Tomasz KUBACKI","9.00, 11.00","czas letni: 18.00; czas zimowy: 17.00","10.00, 18.00; zima: 17.00","http://www.archidiecezja.pl/parafie/dekanaty/dekanat_miloslawski/winna_gora_par._pw._sw._michala_archaniola.html"
"Parafia pw. św. Mikołaja","62-230 Witkowo, Stary Rynek 15","www.mikolaj-witkowo.pl/","par.witkowo@interia.pl","61/477.81.71","ks. Stanisław GOC","7.30, 9.00, 10.30, 12.00, 16.00, 18.00","7.00, 17.00, 18.00","7.30, 9.00, 10.30, 16.00, 18.00","http://www.archidiecezja.pl/parafie/dekanaty/dekanat_witkowski/witkowo_par._pw._sw._mikolaja.html"
"Parafia pw. św. Jana Chrzciciela","88-324 Jeziora Wielkie , W&oacute;jcin","","","52/318.73.23","ks. Stefan ŁĄTKA","8.30, 10.00, 11.30","czas letni: 18.00; czas zimowy: 16.00","","http://www.archidiecezja.pl/parafie/dekanaty/dekanat_strzelenski/wojcin_par._pw._sw._jana_chrzciciela.html"
"Parafia pw. św. Stanisława BM","62-010 Pobiedziska, Wronczyn 12 ","","","61/815.62.45","ks. Tomasz KRAWCZYK","9.00, 11.00, 14.00","17.00","","http://www.archidiecezja.pl/parafie/dekanaty/dekanat_kiszkowski/wronczyn_par._pw._sw._stanislawa_bm.html"
"Parafia pw. św. Ignacego Loyoli","88-320 Strzelno, Wronowy ","","parafiawronowy@gmail.com","52/318.16.24","ks. Tomasz ZAKRZEWSKI","8.30, 11.00","czas letni: 18.00; czas zimowy: 17.00","9.00 18.00","http://www.archidiecezja.pl/parafie/dekanaty/dekanat_strzelenski/wronowy_par._pw._sw._ignacego_loyoli.html"
"Parafia pw. św. Kazimierza Kr&oacute;lewicza","62-300 Września, ul. Słupska 25","www.kazimierzwrzesnia.pl/parafia/","","61/436.26.77","ks. Dariusz KOZŁOWSKI","7.00, 9.00, 10.30, 12.00, 18.00; Bienglinek: 17.00","7.00, 18.00","7.00, 9.00, 16.00, 18.00","http://www.archidiecezja.pl/parafie/dekanaty/dekanat_wrzesinski_ii/wrzesnia_par._pw._sw._kazimierza_krolewicza.html"
"Parafia pw. św. Kr&oacute;lowej Jadwigi","62-300 Września, ul. Ogrodowa 14","www.parafia-jadwiga.wrzesnia.pl","","61/436.04.57","ks. Adam ZALESIAK","7.00, 8.30, 10.30, 12.00, 18.00","7.00, 8.30, 18.00","7.00, 8.30, 10.00, 16.00, 18.00","http://www.archidiecezja.pl/parafie/dekanaty/dekanat_wrzesinski_ii/wrzesnia_par._pw._sw._krolowej_jadwigi.html"
"Parafia pw. Świętego Ducha","62-300 Września, ul. Kościuszki 26","www.swietyduch.wrzesnia.pl/","kkazimierz@gniezno.opoka.org.pl","61/436.27.81","ks. Kazimierz KUCZMA","7.00, 8.30, 9.45, 11.00, 12.15, 17.00","7.00, 18.30","7.00, 8.30, 10.00, 15.15, 17.00, 18.30","http://www.archidiecezja.pl/parafie/dekanaty/dekanat_wrzesinski_ii/wrzesnia_par._pw._swietego_ducha.html"
"Parafia pw. Świętego Krzyża","62-300 Września, ul. Świętokrzyska 20","www.lipowka.wrzesnia.pl","biuro@lipowka.wrzesnia.pl","061/436.15.16","ks. Czesław KROLL","7.30, 9.00, 10.30, 12.00, 19.00; zima: 17.00","17.00, 18.00","9.00, 16.00, 18.00","http://www.archidiecezja.pl/parafie/dekanaty/dekanat_wrzesinski_i/wrzesnia_par._pw._swietego_krzyza.html"
"Parafia pw. Wniebowzięcia NMP i św. Stanisława BM - Fara","62-300 Września, ul. Kościelna 7","fara.wrzesnia.pl/index.php","proboszcz@fara.wrzesnia.pl","61/436.05.22","Mieczysław KOZŁOWSKI","7.00, 8.30, 10.00, 11.30, 17.00 (opr&oacute;cz wakacji), 18.30","6.30, 7.00, 18.00","7.00, 8.30, 10.00, 15.15, 18.00","http://www.archidiecezja.pl/parafie/dekanaty/dekanat_wrzesinski_i/wrzesnia_par._pw._wniebowziecia_nmp_i_sw._stanislawa_bm__fara.html"
"Parafia pw. św. Andrzeja Boboli","Wszedzień 23, 88-300 Mogilno","www.bobolawszedzien.com/galeria.html","bobolawszedzie%C5%84@bobolawszedzie%C5%84.com","39/901.64.64","ks. Piotr NOWAK","8.30, 11.00","czas letni: 18.00; czas zimowy: 17.00","10.00, 18.00; czas zimowy: 10.00, 17.00","http://www.archidiecezja.pl/parafie/dekanaty/dekanat_mogilenski/wszedzien_par._pw._sw._andrzeja_boboli.html"
"Parafia pw. św. Mikołaja","62-306 Kołaczkowo, Wszemb&oacute;rz 74","","","61/437.81.69","ks. Marek SZYMANOWICZ","8.00, 11.00","czas letni: 18.00; czas zimowy: 17.00","17.00","http://www.archidiecezja.pl/parafie/dekanaty/dekanat_miloslawski/wszemborz_par._pw._sw._mikolaja.html"
"Parafia pw. św. Ap. Piotra i Pawła","88-342 Wylatowo","parafia.wylatowo.pl/","","052/315.87.23","ks. Krzysztof TARBICKI","8.00, 10.00, 11.15","poniedziałki: 8.00; wtorki&ndash;soboty: 18.00","","http://www.archidiecezja.pl/parafie/dekanaty/dekanat_trzemeszenski/wylatowo_par._pw._sw._ap._piotra_i_pawla.html"
"Parafia pw. MB Pocieszenia","64‑834 Wyszyny , Wyszyny 12 ","","Parafia.wyszyny@onet.pl","67/284.32.19","ks. Bogdan SPYCHAJ","8.00, 9.30, 11.00","czas letni: 19.00; czas zimowy: 18.00","10.00, 16.00, 18.00","http://www.archidiecezja.pl/parafie/dekanaty/dekanat_chodzieski/wyszyny_par._pw._mb_pocieszenia.html"
"Parafia pw. św. Ap. Piotra i Pawła","62-410 Zag&oacute;r&oacute;w , ul. Nowa 8","","","63/274.33.29","ks. Adam CZECHOROWSKI","7.00, 9.00, 11.15, 17.00","7.00 18.00","7.00, 11.00, 18.00","http://www.archidiecezja.pl/parafie/dekanaty/dekanat_zagorowski/zagorow_par._pw._sw._ap._piotra_i_pawla.html"
"Parafia pw. NMP Nieustającej Pomocy","62‑200 Gniezno, Zdziechowa 75","www.parafia.zdziechowa.pl","","61/427.16.27","ks. Paweł GRONOWSKI","8.30, 11.00","18.00","","http://www.archidiecezja.pl/parafie/dekanaty/dekanat_gnieznienski_i/zdziechowa_par._pw._nmp_nieustajacej_pomocy.html"
"Parafia pw. św. Mikołaja","62-304 Nowa Wieś Kr&oacute;lewska ","","","",":","10.00","","","http://www.archidiecezja.pl/parafie/dekanaty/dekanat_wrzesinski_ii/zieliniec_par._pw._sw._mikolaja.html"
"Parafia pw. Imienia NMP","http://www.sanktuariumzlotkow.pl, 62-540 Kleczew, Złotk&oacute;w 51A ","","","63/270.11.04","ks. Dariusz MUSIAŁ","9.00, 11.00, 15.00","kwiecień-wrzesień: 18.00;październik-marzec: 17.00","9.00, 17.00/18.00","http://www.archidiecezja.pl/parafie/dekanaty/dekanat_kleczewski/zlotkow_par._pw._imienia_nmp.html"
"Parafia pw. św. Andrzeja Boboli i św. Antoniego z Padwy","88-180 Złotniki Kujawskie, ul. Kościelna 8","","","52/351.72.06","ks. Józef JĘDRUSIK","8.00, 10.00, 11.30, 17.00","czas letni: 7.30, 18.00; czas zimowy: 7.30, 17.00","7.30, 11.00, 18.00","http://www.archidiecezja.pl/parafie/dekanaty/dekanat_zlotnicki/zlotniki_kujawskie_par._pw._sw._andrzeja_boboli_i_sw._antoniego_z_padwy.html"
"Parafia pw. św. Andrzeja Boboli","62‑290 Mieścisko, Żabiczyn 23","","","61/427.85.39","ks. Ryszard PATER","10.00, 11.30; Rąbczyn: 8.30","","","http://www.archidiecezja.pl/parafie/dekanaty/dekanat_damaslawski/zabiczyn_par._pw._sw._andrzeja_boboli.html"
"Parafia pw. Narodzenia NMP","88‑430 Janowiec Wlkp. , Żerniki 25","","leszeksob@wp.pl","52/302.61.19","ks. Leszek SOBIERALSKI","8.30, 11.00; Dom Pomocy Społecznej w Tonowie: 9.45","czas letni: 18.00; czas zimowy: 17.00","10.00, 18.00, Dom Pomocy Społecznej w Tonowie: 14.00","http://www.archidiecezja.pl/parafie/dekanaty/dekanat_damaslawski/zerniki_par._pw._narodzenia_nmp.html"
"Parafia pw. NMP Kr&oacute;lowej Polski","88-400 Żnin, ul. Lewandowskiego 15","www.parafiamariackaznin.com.pl/","stalar@gniezno.opoka.org.pl","52/303.05.30 w.1","ks. Stanisław TALACZYŃSKI","7, 8.30, 10.00, 11.15, 12.30, 16.00, 18.00","","7, 8.30, 10.00, 16.00, 18.00","http://www.archidiecezja.pl/parafie/dekanaty/dekanat_zninski/znin_par._pw._nmp_krolowej_polski.html"
"Parafia pw. św. Floriana - Fara","88-400 Żnin, ul. św. Floriana 4","","","52/302.04.03","ks. Tadeusz NOWAK","7.00, 9.00, 10.30, 12.00, 15.30, 18.00","7.00, 17.00, 18.00","6.30, 9.00, 10.30, 16.00, 18.00","http://www.archidiecezja.pl/parafie/dekanaty/dekanat_zninski/znin_par._pw._sw._floriana__fara.html"
"Parafia pw. św. Marcina","88-400 Żnin, ul. Pałucka 1","","","52/302.04.51","ks. Piotr RUTKOWSKI","8.00, 9.30, 11.00, 12.30, 18.00","17.00, 18.00","8.00, 9.30, 11.00, 17.00, 18.00","http://www.archidiecezja.pl/parafie/dekanaty/dekanat_zninski/znin_par._pw._sw._marcina.html"
"Parafia pw. św. Marcina","64‑830 Margonin, Żoń 1","","","67/283.59.30","ks. Ryszard KUFEL","8.30, 11.00","18.00","9.30, 17.00","http://www.archidiecezja.pl/parafie/dekanaty/dekanat_wagrowiecki/zon_par._pw._sw._marcina.html"
"Parafia pw. św. Stanisława BM","62‑241 Żydowo, ul. Ojca św. Jana Pawła II 6","","","61/427.41.24","ks. Robert NURSKI","7.30, 9.00, 11.00, 16.00","czas letni: 8.30, 18.00; czas zimowy: 8.30, 17.00","8.30, 18.00 lub 17.00","http://www.archidiecezja.pl/parafie/dekanaty/dekanat_gnieznienski_i/zydowo_par._pw._sw._stanislawa_bm.html"
